範例編號,style,description,情境,題型種類,題型,閱讀歷程,文本形式,核心問題,文本,取材來源,題目,正確解題分析,小題序號,小題年級,小題科目,核心素養,學習內容,學習表現,出題概念,小題題型,答案,答案解析,評分規準,chart_spec
ex001,text_only,1918年流感—地理與公民素養整合題組（3小題）,公共,題組題,選擇題,擷取訊息;發展解釋,連續文本—說明文,解析文本中所描述的1918流感疫情擴散的情況，進而提出對於當代疫情防治上之啟示。,"【1918年流感】你可能某天突然覺得肌肉酸痛、畏寒、嗜睡，隨著體溫上升，覺得頭部強烈的抽痛，最後因為沒有藥物可以治癒而死亡。上述為1918年流感患者可能的患病經歷，回顧這場人類首次防治流感病毒的歷史，約5億人感染，5千萬到1億人死亡，傳播範圍蔓延至全世界（如圖1）。根據統計，該次疫情的死亡人數超過當時戰爭的死亡人數，其中又以居住在城市惡劣環境的貧困人口與外來移民受感染的情況最嚴重，使得城市地區的死亡率高於鄉村。此外，在圖2中呈現各年齡層的死亡率，反映出該次疫情對當時社會生活帶來的劇烈影響。該次疫情會快速擴散的主要原因有三點：其一，歐洲區域正值戰爭時期，擁擠的部隊環境大幅增加士兵們的感染機會；其二，部分歐洲國家為避免作戰士氣降低，選擇隱瞞疫情，導致國內與國際間對疫情掌握不足；其三，這是人類首度面臨流感病毒的侵襲，以當時的醫療水準尚不足應對疫情爆發。該次疫情後來從基隆港傳入臺灣本島，逐漸往南擴散到屏東，並經由海運傳至花蓮與澎湖。時至今日，流感病毒等傳染疾病從未在我們的生活中消失，面對傳染疾病在全球化時代傳播的越廣越快，如何做到有效落實公共衛生與防疫措施，是全世界必須共同合作解決的重要課題。",1918年流感大流行（https://zh.wikipedia.org/wiki/1918年流感大流行）;BBC改變20世紀人類歷史的西班牙大流感（2018/12/04）,問題一 根據文章內容，1918年流感疫情的「第一波傳播路徑」最接近下列何者？
（A）美洲→歐洲→非洲→亞洲
（B）歐洲→非洲→亞洲→美洲
（C）歐洲→美洲→亞洲→非洲
（D）美洲→亞洲→非洲→歐洲,從圖1紅線上的數字順序，可觀察出該流感疫情的第一波傳播路徑是從美洲擴散至歐洲、非洲及亞洲。,1,7,地理,社-J-A2,地Aa-Ⅳ-2:全球海陸分布,社1b-Ⅳ-1:應用社會領域內容知識解析生活經驗或社會現象,評量學生能否應用全球海陸分布的知識，解析該流感疫情的傳播路徑。,選擇題,A,從圖1紅線上的數字順序，可觀察出該流感疫情的第一波傳播路徑是從美洲擴散至歐洲、非洲及亞洲。,,
ex001,text_only,,,,,,,,,,,問題二 根據文章內容，你認為下列有關城市人口的描述，何者最能解釋城市與鄉村地區在死亡率上的差異？
（A）人口成長較快
（B）人口密度較高
（C）移出人口較少
（D）老年人口較多,由於城市地區的人口密度高，流感疫情容易傳染而導致死亡率較高。,2,7,地理,社-J-A2,地Ad-Ⅳ-1:臺灣的人口成長與分布;地Af-Ⅳ-1:聚落體系與交通網絡,社1b-Ⅳ-1:應用社會領域內容知識解析生活經驗或社會現象,評量學生能否應用城市人口密度較鄉村高的知識，解析流感疫情在城市與鄉村的傳播程度與死亡率差異。,選擇題,B,由於城市地區的人口密度高，流感疫情容易傳染而導致死亡率較高。,,
ex001,text_only,,,,,,,,,,,問題三 根據文章中圖2的資料，你認為該疫情結束後的人口組成狀態，最可能接近下列哪張人口金字塔示意圖，並且會如何影響當時的社會？請說明：（1）疫情結束後人口組成狀態最可能是A、B、C、D中的哪一個？（2）這樣的人口組成狀態對當時社會的可能影響（請從「壯年人口撫養負擔」的角度說明）。,"答案：C。影響：從圖2得知壯年人口於該次疫情中為死亡率最高，因此可推論疫情結束後，壯年人口數驟減，而幼年和老年人口數減少較少，故壯年人口的扶養負擔可能會變重。",3,7,地理,社-J-A2,地Ad-Ⅳ-2:臺灣的人口組成,社1b-Ⅳ-1:應用社會領域內容知識解析生活經驗或社會現象;社3b-Ⅳ-3:使用文字、照片、圖表、數據等方式呈現並解釋探究結果,評量學生能否使用人口金字塔圖呈現文本資料，並應用「扶養比」概念，解析該流感疫情對當時社會生活的影響。,開放式建構反應題,C,"[{""code"":""2"",""規準說明"":""能寫出正確的人口金字塔圖（C），且能說明壯年人口扶養負擔加重。"",""學生作答實例"":[""C，青壯年人口須扶養幼年及老年人口，疫情過後壯年人口驟減，扶養負擔程度重。""]},{""code"":""1"",""規準說明"":""能寫出正確的人口金字塔圖（C），但影響說明語意不清或未提及扶養負擔。"",""學生作答實例"":[""C，該國家勞動力人口大幅減少。""]},{""code"":""0"",""規準說明"":""人口金字塔圖選錯，或影響說明有誤。"",""學生作答實例"":[""B，壯年人口扶養負擔會減少。""]},{""code"":""0X"",""規準說明"":""未作答。"",""學生作答實例"":[]}]",,
