"類別","value","instruction"
"情境","個人","與個人日常生活相關的閱讀情境，如私人信件、小說、日記、個人興趣相關文本等。讀者出於個人目的進行閱讀。"
"情境","公共","與社會公共事務相關的閱讀情境，如官方公告、新聞報導、公共論壇文章、社論等。讀者需理解與公共利益相關的訊息。"
"情境","職業","與工作場域相關的閱讀情境，如工作說明書、操作手冊、職場公告、商業報告等。讀者需在職業脈絡中處理文本訊息。"
"情境","教育","與學校學習相關的閱讀情境，如教科書、學術文章、課堂講義、學習指引等。讀者以獲取知識為目的進行閱讀。"
"題型種類","題組題","每個題組提供一篇或多篇共享文本材料，搭配數道彼此獨立作答的小題。"
"題型","選擇題","四選一單選題，計分 0/1：答對得 1 分、答錯 0 分。選項設計應包含具誘答力的錯誤選項，並於誘答分析欄以認知偏誤角度說明各誘答項為何吸引人。ICCS 2022 約 85% 試題為此形式，應為題組的主要題型。"
"題型","開放式建構反應題","學生需自行組織文字作答並說明思考過程。計分採每題專屬評分指引（scoring guide），固定 2 / 1 / 0 三級。評分規準表必須隨題產出：[2] 附 1 個學生作答實例、[1] 附 2 個（第一個為最小對照）、[0] 附 1 個。"
"題型","拖放題","互動題型，僅限數位卷面（target surface = 數位）。學生將棋子（draggables）拖放至目標區（targets）完成配對、分類或排序。必須輸出 interaction 規格：draggables、targets、correct_mapping、exact_match、shuffle_draggables。預設 partial credit：每格放對得 1 分；各放置位置相互扣連時可設 exact_match=true 改為全對計分。誘答分析以「棋子→錯誤目標」配對為鍵，說明常見錯置的概念混淆。"
"題型","滑桿題","互動題型，僅限數位卷面。學生拖曳滑桿在數值範圍中標定答案，適用於自資料判讀或推估數值的題目。必須輸出 interaction 規格：min、max、step、unit、correct_value、tolerance。計分 0/1：作答值落在 correct_value ± tolerance 內得 1 分。誘答分析以命名的錯誤區間為鍵（如 below_range：誤讀舊年份資料）。"
"科目","歷史","題組及小題應涵蓋108課綱社會領域歷史科學習內容（編碼前綴「歷」），例如 歷Ka-Ⅳ-1、歷Qc-Ⅳ-3 等。請在各小題的 學習內容 欄位填入對應的歷史科課綱條目編碼與說明。"
"科目","地理","題組及小題應涵蓋108課綱社會領域地理科學習內容（編碼前綴「地」），例如 地Aa-Ⅳ-2、地Af-Ⅳ-2 等。請在各小題的 學習內容 欄位填入對應的地理科課綱條目編碼與說明。"
"科目","公民與社會","題組及小題應涵蓋108課綱社會領域公民科學習內容（編碼前綴「公」），例如 公Bd-Ⅳ-1、公Dd-Ⅳ-2 等。請在各小題的 學習內容 欄位填入對應的公民科課綱條目編碼與說明。"
"科目","跨科","題組橫跨歷史、地理、公民與社會多個科目，各小題分屬不同科目。請確保各小題的 學習內容 編碼與所屬科目一致（歷/地/公前綴），並在 科目 欄位標明該小題所屬科目。"
"題目內容類型","純文字","純連續文本題目，不需任何圖表或圖片。題目僅透過連續性文章呈現閱讀素材，且不得輸出 chart_spec。"
"題目內容類型","含圖片","題目必須搭配圖片式或視覺式非連續素材，如地圖、圖解、表單、廣告、海報或網頁畫面，並以 chart_spec 描述素材。"
"題目內容類型","graphs/charts/tables","題目必須搭配圖表或表格素材，如統計圖、折線圖、圓餅圖、比較表或資料表，並以 chart_spec 提供完整資料。"
"題目內容類型","customized","由使用者自行輸入題目內容類型；送出時以前端輸入文字作為實際內容類型。"
"難度","easy","本題組整體難度為簡單。設計以直接擷取文本明示資訊為主：小題應對應文本中可直接找出的句子、事實、時間點、地點或人物；避免推論、跨段落整合或評鑑。用語與句式貼近學生日常閱讀理解水準。"
"難度","medium","本題組整體難度為中等。設計以單步推論、段內統整、簡單比較與因果解釋為主：小題可要求綜合同一段落或鄰近段落資訊，或依據文本推得未直接明示但邏輯可及的結論。避免多文本整合或高層次評鑑。"
"難度","hard","本題組整體難度為困難。設計以多步推論、跨段落／跨文本整合、觀點對比、證據評鑑與立場省思為主。至少一小題應要求學生比較不同觀點、或整合多處證據作出評價。"
"認知歷程","Knowing–Defining and Describing","認知領域 Knowing。評量學生能否辨識、回憶學科概念的定義與關鍵特徵：題幹提供生活經驗或社會現象，學生判斷其對應課本教過的哪個概念；或呈現特徵描述比較表，讓學生選出符合的概念。題幹須含該概念的可辨識特徵，選項須為課本教過的概念或名詞。設計規則：每個題組至多 1 題此類試題，用於建構基本概念。範例：提供流感蔓延、暖化、金融風暴三例，問報告主題最可能為「全球關連」。"
"認知歷程","Knowing–Illustrating with examples","認知領域 Knowing。評量學生理解概念的定義與特徵後，能否辨識支持該概念的例子：題幹給定概念（或先給一例讓學生辨識概念），學生從選項中選出屬於同一概念的另一例。選擇題形式以「四個例子中選出正確例」實作自行舉例的精神，各誘答例應分屬相近但不同的概念。範例：給業者遭罰鍰一例，選出同屬行政責任的例子（其餘選項為民事、刑事、政治責任）。"
"認知歷程","Reasoning and Applying–Interpret information","認知領域 Reasoning and Applying。評量學生能否運用學科概念解讀以文字、圖形或表格呈現的資訊並形成合理結論：題幹提供資料（統計表、趨勢數據、比較表），學生結合課堂概念解讀資料意涵。資料設計應使正確選項須「資料＋概念」並用方可推得；至少一個誘答項是僅看資料不用概念（或僅用概念不看資料）會誤選的選項。範例：由各年齡層女性未就業原因統計表，發現家務勞動仍以女性為主，判讀出家庭平權有待加強。"
"認知歷程","Reasoning and Applying–Relate or Integrate","認知領域 Reasoning and Applying。評量學生能否從多個事件或資料中抽取共同概念、發現關聯（因果、相互影響），或運用跨科、跨冊別、跨單元、跨領域的概念解決問題：題幹須呈現 3-4 個例子或 2 份對照資料以支撐共通性判斷；亦適用「A 學科素材考 B 學科概念」設計（如以歷史事件考公民概念）。跨科題組至少 1 題須為此類。範例：三則報導分別呈現教育、照顧、生育功能的變化，共同探討家庭功能的改變。"
"內容領域","Civic Institutions and Systems","ICCS 2022 內容領域：公民制度與體系，涵蓋（1）國家機構（2）經濟體系（3）公民社會組織。題組的核心問題與素材應落在此領域。公民與社會、跨科題組的公-開頭學習內容須取自本領域對應碼池（見 內容領域_mapping.csv）；歷史、地理題組採主題鏡頭：素材與核心問題連結本領域，學習內容仍使用歷／地碼。"
"內容領域","Civic Principles","ICCS 2022 內容領域：公民原則，涵蓋（1）公平（2）自由（3）法治（4）永續（5）團結。題組的核心問題與素材應落在此領域。公民與社會、跨科題組的公-開頭學習內容須取自本領域對應碼池（見 內容領域_mapping.csv）；歷史、地理題組採主題鏡頭：素材與核心問題連結本領域，學習內容仍使用歷／地碼。"
"內容領域","Civic Participation","ICCS 2022 內容領域：公民參與，涵蓋（1）決策（2）影響（3）社區參與。題組的核心問題與素材應落在此領域。公民與社會、跨科題組的公-開頭學習內容須取自本領域對應碼池（見 內容領域_mapping.csv）；歷史、地理題組採主題鏡頭：素材與核心問題連結本領域，學習內容仍使用歷／地碼。"
"內容領域","Civic Roles and Identities","ICCS 2022 內容領域：公民角色與認同，涵蓋（1）公民角色（2）公民自我形象（3）公民連結。題組的核心問題與素材應落在此領域。公民與社會、跨科題組的公-開頭學習內容須取自本領域對應碼池（見 內容領域_mapping.csv）；歷史、地理題組採主題鏡頭：素材與核心問題連結本領域，學習內容仍使用歷／地碼。"
"題目內容類型","混合","題組同時包含文字素材與非文字素材（表格、統計圖或圖像），學生需整合兩種形式的資訊作答。請在 chart_spec 提供非文字素材的完整規格，文字素材直接寫入文本。此類型是 Reasoning and Applying–Relate or Integrate 的天然場域，適合設計跨資料整合的小題。"
"題目內容類型","數位閱讀","模擬數位閱讀情境：素材以網頁、搜尋結果頁、社群貼文等數位介面樣式呈現，評量學生判斷數位資訊的相關性與可信度。請在 chart_spec 使用 render_mode: ""html"" 描述版面內容與結構；紙本卷面以靜態截圖形式呈現。"
