"編碼","內容領域","備註"
"公Aa-Ⅳ-1","Civic Roles and Identities","公民定義與身分認同"
"公Aa-Ⅳ-2","Civic Roles and Identities","公民德性與自我形象"
"公Ab-Ⅳ-1","Civic Institutions and Systems;Civic Principles","權力結構與權利保障"
"公Ab-Ⅳ-2","Civic Roles and Identities;Civic Principles","校園權利與公民德性"
"公Ad-Ⅳ-1","Civic Principles","人權與人性尊嚴關聯"
"公Ad-Ⅳ-2","Civic Principles","人權普遍性保障原則"
"公Ba-Ⅳ-1","Civic Institutions and Systems","家庭作為社會組織"
"公Ba-Ⅳ-2","Civic Roles and Identities;Civic Institutions and Systems","部落認同與社會組織"
"公Ba-Ⅳ-3","Civic Institutions and Systems","家庭法律關係與義務"
"公Ba-Ⅳ-4","Civic Institutions and Systems","家庭型態與社會變遷"
"公Ba-Ⅳ-5","Civic Institutions and Systems;Civic Principles","公權力介入與平等"
"公Bb-Ⅳ-1","Civic Roles and Identities;Civic Participation","群體參與與身分歸屬"
"公Bb-Ⅳ-2","Civic Institutions and Systems;Civic Participation","志願結社與公民社會"
"公Bc-Ⅳ-1","Civic Principles;Civic Institutions and Systems","社會規範與法律差異"
"公Bc-Ⅳ-2","Civic Roles and Identities","規範與文化認同"
"公Bc-Ⅳ-3","Civic Principles;Civic Roles and Identities","規範變動與身分平等"
"公Bd-Ⅳ-1","Civic Institutions and Systems","國家與政府制度區別"
"公Be-Ⅳ-1","Civic Institutions and Systems;Civic Principles","權力分立原則"
"公Be-Ⅳ-2","Civic Institutions and Systems;Civic Principles","憲法規範政府職權"
"公Be-Ⅳ-3","Civic Institutions and Systems","中央與地方政府組成"
"公Bf-Ⅳ-1","Civic Principles","法治原則與人治差異"
"公Bf-Ⅳ-2","Civic Institutions and Systems","法律位階體系"
"公Bg-Ⅳ-1","Civic Principles","憲法保障人民權利"
"公Bh-Ⅳ-1","Civic Principles;Civic Institutions and Systems","依法行政原則"
"公Bh-Ⅳ-2","Civic Institutions and Systems;Civic Principles","行政管制與救濟"
"公Bi-Ⅳ-1","Civic Institutions and Systems;Civic Principles","刑法制定與罪刑法定"
"公Bi-Ⅳ-2","Civic Institutions and Systems","刑罰目的與制裁方式"
"公Bi-Ⅳ-3","Civic Institutions and Systems","警察檢察法官職能"
"公Bj-Ⅳ-1","Civic Institutions and Systems","契約法律要件與責任"
"公Bj-Ⅳ-2","Civic Institutions and Systems","行為能力與契約自由"
"公Bj-Ⅳ-3","Civic Institutions and Systems","侵權行為概念責任"
"公Bj-Ⅳ-4","Civic Principles;Civic Institutions and Systems","智慧財產權保障"
"公Bj-Ⅳ-5","Civic Institutions and Systems","民事紛爭解決方式"
"公Bk-Ⅳ-1","Civic Principles;Civic Institutions and Systems","兒少保護法律知識"
"公Bl-Ⅳ-1","Civic Institutions and Systems","個人選擇與資源分配"
"公Bl-Ⅳ-2","Civic Institutions and Systems","機會成本計算方法"
"公Bl-Ⅳ-3","Civic Institutions and Systems","機會成本解釋選擇"
"公Bl-Ⅳ-4","Civic Institutions and Systems","價格影響資源分配"
"公Bl-Ⅳ-5","Civic Institutions and Systems","資源分配方法比較"
"公Bm-Ⅳ-1","Civic Institutions and Systems","誘因影響行為機制"
"公Bm-Ⅳ-2","Civic Institutions and Systems","個體對誘因反應差異"
"公Bn-Ⅳ-1","Civic Institutions and Systems","個人家庭基本需求"
"公Bn-Ⅳ-2","Civic Institutions and Systems","自給自足轉向交易"
"公Bn-Ⅳ-3","Civic Institutions and Systems","自願交易互利機制"
"公Bn-Ⅳ-4","Civic Institutions and Systems","貿易開放利弊分析"
"公Bp-Ⅳ-1","Civic Institutions and Systems","貨幣出現歷史機制"
"公Bp-Ⅳ-2","Civic Institutions and Systems","儲值卡與貨幣比較"
"公Bp-Ⅳ-3","Civic Institutions and Systems","信用卡儲值卡差異"
"公Bp-Ⅳ-4","Civic Institutions and Systems","外幣交易與銀行"
"公Ca-Ⅳ-1","Civic Principles","非暴力解決爭議原則"
"公Ca-Ⅳ-2","Civic Participation","政策制定公民參與"
"公Ca-Ⅳ-3","Civic Participation","學生參與校園決策"
"公Cb-Ⅳ-1","Civic Participation","公共意見形成過程"
"公Cb-Ⅳ-2","Civic Participation;Civic Institutions and Systems","媒體社群輿論影響"
"公Cc-Ⅳ-1","Civic Participation","民主政治參與重要性"
"公Cc-Ⅳ-2","Civic Participation","投票作為參與形式"
"公Cc-Ⅳ-3","Civic Principles;Civic Participation","公平投票原則"
"公Cd-Ⅳ-1","Civic Participation;Civic Institutions and Systems","勞動參與重要性"
"公Cd-Ⅳ-2","Civic Principles;Civic Participation","家務分工與性別平等"
"公Cd-Ⅳ-3","Civic Institutions and Systems;Civic Principles","立法保障公平勞動"
"公Cf-Ⅳ-1","Civic Institutions and Systems","廠商競爭對消費者影響"
"公Cf-Ⅳ-2","Civic Institutions and Systems","廠商競爭方式分析"
"公Cf-Ⅳ-3","Civic Institutions and Systems","市場進入與競爭程度"
"公Da-Ⅳ-1","Civic Principles","公平正義的原理原則"
"公Da-Ⅳ-2","Civic Principles","不公平處境識別"
"公Da-Ⅳ-3","Civic Principles","社會公義責任歸屬"
"公Db-Ⅳ-1","Civic Principles","基本保障尊嚴與自由"
"公Db-Ⅳ-2","Civic Institutions and Systems;Civic Principles","國家責任保障基本生活"
"公Dc-Ⅳ-1","Civic Roles and Identities","文化差異日常例子"
"公Dc-Ⅳ-2","Civic Principles;Civic Roles and Identities","文化語言不平等現象"
"公Dc-Ⅳ-3","Civic Roles and Identities;Civic Principles","文化尊重包容精神"
"公Dd-Ⅳ-1","Civic Institutions and Systems","全球化現象與議題"
"公Dd-Ⅳ-2","Civic Institutions and Systems","全球化影響與回應"
"公Dd-Ⅳ-3","Civic Institutions and Systems","兩岸關係與國際參與"
"公De-Ⅳ-1","Civic Institutions and Systems","科技改變日常生活"
"公De-Ⅳ-2","Civic Participation;Civic Institutions and Systems","科技影響公共參與"
