項目,子項,第四學習階段學習表現,第四學習階段學習表現代碼
"探究能力
-思考智能（t）",想像創造（i）,能依據已知的自然科學知識概念，經由自我或團體探索與討論的過程，想像當使用的觀察方法或實驗方法改變時，其結果可能產生的差異；並能嘗試在指導下以創新思考和方法得到新的模型、成品或結果。,ti-Ⅳ-1
"探究能力
-思考智能（t）",推理論證（r）,能將所習得的知識正確的連結到所觀察到的自然現象及實驗數據，並推論出其中的關聯，進而運用習得的知識來解釋自己論點的正確性。,tr-Ⅳ-1
"探究能力
-思考智能（t）",批判思辨（c）,能依據已知的自然科學知識與概念，對自己蒐集與分類的科學數據，抱持合理的懷疑態度，並對他人的資訊或報告，提出自己的看法或解釋。,tc-Ⅳ-1
"探究能力
-思考智能（t）",建立模型（m）,能從實驗過程、合作討論中理解較複雜的自然界模型，並能評估不同模型的優點和限制，進能應用在後續的科學理解或生活。,tm-Ⅳ-1
"探究能力
-問題解決（p）",觀察與定題（o）,能從學習活動、日常經驗及科技運用、自然環境、書刊及網路媒體中，進行各種有計畫的觀察，進而能察覺問題。,po-Ⅳ-1
"探究能力
-問題解決（p）",觀察與定題（o）,能辨別適合科學探究或適合以科學方式尋求解決的問題（或假說），並能依據觀察、蒐集資料、閱讀、思考、討論等，提出適宜探究之問題。,po-Ⅳ-2
"探究能力
-問題解決（p）",計劃與執行（e）,能辨明多個自變項、應變項並計劃適當次數的測試、預測活動的可能結果。在教師或教科書的指導或說明下，能了解探究的計畫，並進而能根據問題特性、資源（例如：設備、時間）等因素，規劃具有可信度（例如：多次測量等）的探究活動。,pe-Ⅳ-1
"探究能力
-問題解決（p）",計劃與執行（e）,能正確安全操作適合學習階段的物品、器材儀器、科技設備及資源。能進行客觀的質性觀察或數值量測並詳實記錄。,pe-Ⅳ-2
"探究能力
-問題解決（p）",分析與發現（a）,能分析歸納、製作圖表、使用資訊及數學等方法，整理資訊或數據。,pa-Ⅳ-1
"探究能力
-問題解決（p）",分析與發現（a）,能運用科學原理、思考智能、數學等方法，從（所得的）資訊或數據，形成解釋、發現新知、獲知因果關係、解決問題或是發現新的問題。並能將自己的探究結果和同學的結果或其他相關的資訊比較對照，相互檢核，確認結果。,pa-Ⅳ-2
"探究能力
-問題解決（p）",討論與傳達（c）,能理解同學的探究過程和結果（或經簡化過的科學報告），提出合理而且具有根據的疑問或意見。並能對問題、探究方法、證據及發現，彼此間的符應情形，進行檢核並提出可能的改善方案。,pc-Ⅳ-1
"探究能力
-問題解決（p）",討論與傳達（c）,能利用口語、影像（例如：攝影、錄影）、文字與圖案、繪圖或實物、科學名詞、數學公式、模型或經教師認可後以報告或新媒體形式表達完整之探究過程、發現與成果、價值、限制和主張等。視需要，並能摘要描述主要過程、發現和可能的運用。,pc-Ⅳ-2
科學的態度與本質（a）,培養科學探究的興趣（i）,動手實作解決問題或驗證自己想法，而獲得成就感。,ai-Ⅳ-1
科學的態度與本質（a）,培養科學探究的興趣（i）,透過與同儕的討論，分享科學發現的樂趣。,ai-Ⅳ-2
科學的態度與本質（a）,培養科學探究的興趣（i）,透過所學到的科學知識和科學探索的各種方法，解釋自然現象發生的原因，建立科學學習的自信心。,ai-Ⅳ-3
科學的態度與本質（a）,養成應用科學思考與探究的習慣（h）,對於有關科學發現的報導，甚至權威的解釋（例如：報章雜誌的報導或書本上的解釋），能抱持懷疑的態度，評估其推論的證據是否充分且可信賴。,ah-Ⅳ-1
科學的態度與本質（a）,養成應用科學思考與探究的習慣（h）,應用所學到的科學知識與科學探究方法，幫助自己做出最佳的決定。,ah-Ⅳ-2
科學的態度與本質（a）,認識科學本質（n）,察覺到科學的觀察、測量和方法是否具有正當性，是受到社會共同建構的標準所規範。,an-Ⅳ-1
科學的態度與本質（a）,認識科學本質（n）,分辨科學知識的確定性和持久性，會因科學研究的時空背景不同而有所變化。,an-Ⅳ-2
科學的態度與本質（a）,認識科學本質（n）,體察到不同性別、背景、族群科學家們具有堅毅、嚴謹和講求邏輯的特質，也具有好奇心、求知慾和想像力。,an-Ⅳ-3