學習階段,年級,編碼,學習內容條目及說明,備註,對應學習表現
II,3;4,INa-II-1,自然界（包含生物與非生物）是由不同物質所組成。,,
II,3;4,INa-II-2,在地球上，物質具有重量，佔有體積。,,
II,3;4,INa-II-3,物質各有其特性，並可以依其特性與用途進行分類。,,
II,3;4,INa-II-4,物質的形態會因溫度的不同而改變。,,
II,3;4,INa-II-5,太陽照射、物質燃燒和摩擦等可以使溫度升高，運用測量的方法可知溫度高低。 ,,
II,3;4,INa-II-6,太陽是地球能量的主要來源，提供生物的生長需要，能量可以各種形式呈現。,,
II,3;4,INa-II-7,生物需要能量（養分）、陽光、空氣、水和土壤，維持生命、生長與活動。,,
II,3;4,INa-II-8,日常生活中常用的能源。,,
II,3;4,INb-II-1,物質或物體各有不同的功能或用途。,,
II,3;4,INb-II-2,物質性質上的差異性可用來區分或分離物質。,,
II,3;4,INb-II-3,虹吸現象可用來將容器中的水吸出；連通管可測水平。,,
II,3;4,INb-II-4,生物體的構造與功能是互相配合的。,,
II,3;4,INb-II-5,常見動物的外部形態主要分為頭、軀幹和肢，但不同類別動物之各部位特徵和名稱有差異。,,
II,3;4,INb-II-6,常見植物的外部形態主要由根、莖、葉、花、果實及種子所組成。,,
II,3;4,INb-II-7,動植物體的外部形態和內部構造，與其生長、行為、繁衍後代和適應環境有關。 ,,
II,3;4,INc-II-1,使用工具或自訂參考標準可量度與比較。,,
II,3;4,INc-II-2,生活中常見的測量單位與度量。,,
II,3;4,INc-II-3,力的表示法，包括大小、方向與作用點等。,,
II,3;4,INc-II-4,方向、距離可用以表示物體位置。,,
II,3;4,INc-II-5,水和空氣可以傳送動力讓物體移動。,,
II,3;4,INc-II-6,水有三態變化及毛細現象。,,
II,3;4,INc-II-7,利用適當的工具觀察不同大小、距離位置的物體。,,
II,3;4,INc-II-8,不同的環境有不同的生物生存。,,
II,3;4,INc-II-9,地表具有岩石、砂、土壤等不同環境，各有特徵，可以分辨。,,
II,3;4,INc-II-10,天空中天體有東升西落的現象，月亮有盈虧的變化，星星則是有些亮有些暗。,,
II,3;4,INd-II-1,當受外在因素作用時，物質或自然現象可能會改變。改變有些較快、有些較慢；有些可以回復，有些則不能。,,
II,3;4,INd-II-2,物質或自然現象的改變情形，可以運用測量的工具和方法得知。,,
II,3;4,INd-II-3,生物從出生、成長到死亡有一定的壽命，透過生殖繁衍下一代。,,
II,3;4,INd-II-4,空氣流動產生風。,,
II,3;4,INd-II-5,自然環境中有砂石及土壤，會因水流、風而發生改變。,,
II,3;4,INd-II-6,一年四季氣溫會有所變化，天氣也會有所不同。氣象報告可以讓我們知道天氣的可能變化。,,
II,3;4,INd-II-7,天氣預報常用雨量、溫度、風向、風速等資料來表達天氣狀態，這些資料可以使用適當儀器測得。,,
II,3;4,INd-II-8,力有各種不同的形式。 ,,
II,3;4,INd-II-9,施力可能會使物體改變運動情形或形狀；當物體受力變形時，有的可恢復原狀，有的不能恢復原狀。,,
II,3;4,INe-II-1,自然界的物體、生物、環境間常會相互影響。,,
II,3;4,INe-II-2,溫度會影響物質在水中溶解的程度（定性）及物質燃燒、生鏽、發酵等現象。,,
II,3;4,INe-II-3,有些物質溶於水中，有些物質不容易溶於水中。,,
II,3;4,INe-II-4,常見食物的酸鹼性有時可利用氣味、觸覺、味覺簡單區分，花卉、菜葉會因接觸到酸鹼而改變顏色。 ,,
II,3;4,INe-II-5,生活周遭有各種的聲音；物體振動會產生聲音，聲音可以透過固體、液體、氣體傳播。不同的動物會發出不同的聲音，並且作為溝通的方式。,,
II,3;4,INe-II-6,光線以直線前進，反射時有一定的方向。,,
II,3;4,INe-II-7,磁鐵具有兩極，同極相斥，異極相吸；磁鐵會吸引含鐵的物體。磁力強弱可由吸起含鐵物質數量多寡得知。,,
II,3;4,INe-II-8,物質可分為電的良導體和不良導體，將電池用電線或良導體接成通路，可使燈泡發光、馬達轉動。,,
II,3;4,INe-II-9,電池或燈泡可以有串聯和並聯的接法，不同的接法會產生不同的效果。 ,,
II,3;4,INe-II-10,動物的感覺器官接受外界刺激會引起生理和行為反應。,,
II,3;4,INe-II-11,環境的變化會影響植物生長。,,
II,3;4,INf-II-1,日常生活中常見的科技產品。,,
II,3;4,INf-II-2,不同的環境影響人類食物的種類、來源與飲食習慣。,,
II,3;4,INf-II-3,自然的規律與變化對人類生活應用與美感的啟發。,,
II,3;4,INf-II-4,季節的變化與人類生活的關係。 ,,
II,3;4,INf-II-5,人類活動對環境造成影響。,,
II,3;4,INf-II-6,地震會造成嚴重的災害，平時的準備與防震能降低損害。,,
II,3;4,INf-II-7,水與空氣汙染會對生物產生影響。,,
II,3;4,INg-II-1,自然環境中有許多資源。人類生存與生活需依賴自然環境中的各種資源，但自然資源都是有限的，需要珍惜使用。,,
II,3;4,INg-II-2,地球資源永續可結合日常生活中低碳與節水方法做起。 ,,
II,3;4,INg-II-3,可利用垃圾減量、資源回收、節約能源等方法來保護環境。,,
III,5;6,INa-III-1,物質是由微小的粒子所組成，而且粒子不斷的運動。,,
III,5;6,INa-III-2,物質各有不同性質，有些性質會隨溫度而改變。,,
III,5;6,INa-III-3,混合物是由不同的物質所混合，物質混合前後重量不會改變，性質可能會改變。,,
III,5;6,INa-III-4,空氣由各種不同氣體所組成，空氣具有熱脹冷縮的性質。氣體無一定的形狀與體積。,,
III,5;6,INa-III-5,不同形式的能量可以相互轉換，但總量不變。,,
III,5;6,INa-III-6,能量可藉由電流傳遞、轉換而後為人類所應用。利用電池等設備可以儲存電能再轉換成其他能量。,,
III,5;6,INa-III-7,運動的物體具有動能，對同一物體而言，速度越快動能越大。,,
III,5;6,INa-III-8,熱由高溫處往低溫處傳播，傳播的方式有傳導、對流和輻射，生活中可運用不同的方法保溫與散熱。 ,,
III,5;6,INa-III-9,植物生長所需的養分是經由光合作用從太陽光獲得的。,,
III,5;6,INa-III-10,在生態系中，能量經由食物鏈在不同物種間流動與循環。,,
III,5;6,INb-III-1,物質有不同的結構與功能。,,
III,5;6,INb-III-2,應用性質的不同可分離物質或鑑別物質。,,
III,5;6,INb-III-3,物質表面的結構與性質不同，其可產生的摩擦力不同；摩擦力會影響物體運動的情形。,,
III,5;6,INb-III-4,力可藉由簡單機械傳遞。,,
III,5;6,INb-III-5,生物體是由細胞所組成，具有由細胞、器官到個體等不同層次的構造。,,
III,5;6,INb-III-6,動物的形態特徵與行為相關，動物身體的構造不同，有不同的運動方式。 ,,
III,5;6,INb-III-7,植物各部位的構造和所具有的功能有關，有些植物產生特化的構造以適應環境。,,
III,5;6,INb-III-8,生物可依其形態特徵進行分類。,,
III,5;6,INc-III-1,生活及探究中常用的測量工具和方法。,,
III,5;6,INc-III-2,自然界或生活中有趣的最大或最小的事物（量），事物大小宜用適當的單位來表示。,,
III,5;6,INc-III-3,本量與改變量不同，由兩者的比例可評估變化的程度。,,
III,5;6,INc-III-4,對相同事物做多次測量，其結果間可能有差異，差異越大表示測量越不精確。,,
III,5;6,INc-III-5,力的大小可由物體的形變或運動狀態的改變程度得知。,,
III,5;6,INc-III-6,運用時間與距離可描述物體的速度與速度的變化。,,
III,5;6,INc-III-7,動物體內的器官系統是由數個器官共同組合，以執行某種特定的生理作用。,,
III,5;6,INc-III-8,在同一時期，特定區域上，相同物種所組成的群體稱為「族群」，而在特定區域由多個族群結合而組成「群集」。,,
III,5;6,INc-III-9,不同的環境條件影響生物的種類和分布，以及生物間的食物關係，因而形成不同的生態系。,,
III,5;6,INc-III-10,地球是由空氣、陸地、海洋及生存於其中的生物所組成的。,,
III,5;6,INc-III-11,岩石由礦物組成，岩石和礦物有不同特徵，各有不同用途。,,
III,5;6,INc-III-12,地球上的水存在於大氣、海洋、湖泊與地下中。 ,,
III,5;6,INc-III-13,日出日落時間與位置，在不同季節會不同。,,
III,5;6,INc-III-14,四季星空會有所不同。,,
III,5;6,INc-III-15,除了地球外，還有其他行星環繞著太陽運行。 ,,
III,5;6,INd-III-1,自然界中存在著各種的穩定狀態；當有新的外加因素時，可能造成改變，再達到新的穩定狀態。 ,,
III,5;6,INd-III-2,人類可以控制各種因素來影響物質或自然現象的改變，改變前後的差異可以被觀察，改變的快慢可以被測量與了解。,,
III,5;6,INd-III-3,地球上的物體（含生物和非生物）均會受地球引力的作用，地球對物體的引力就是物體的重量。,,
III,5;6,INd-III-4,生物個體間的性狀具有差異性；子代與親代的性狀具有相似性和相異性。 ,,
III,5;6,INd-III-5,生物體接受環境刺激會產生適當的反應，並自動調節生理作用以維持恆定。,,
III,5;6,INd-III-6,生物種類具有多樣性；生物生存的環境亦具有多樣性。,,
III,5;6,INd-III-7,天氣圖上用高、低氣壓、鋒面、颱風等符號來表示天氣現象，並認識其天氣變化。,,
III,5;6,INd-III-8,土壤是由岩石風化成的碎屑及生物遺骸所組成。化石是地層中古代生物的遺骸。,,
III,5;6,INd-III-9,流水、風和波浪對砂石和土壤產生侵蝕、風化、搬運及堆積等作用，河流是改變地表最重要的力量。,,
III,5;6,INd-III-10,流水及生物活動，對地表的改變會產生不同的影響。,,
III,5;6,INd-III-11,海水的流動會影響天氣與氣候的變化。氣溫下降時水氣凝結為雲和霧或昇華為霜、雪。,,
III,5;6,INd-III-12,自然界的水循環主要由海洋或湖泊表面水的蒸發，經凝結降水，再透過地表水與地下水等傳送回海洋或湖泊。,,
III,5;6,INd-III-13,施力可使物體的運動速度改變，物體受多個力的作用，仍可能保持平衡靜止不動，物體不接觸也可以有力的作用。,,
III,5;6,INe-III-1,自然界的物體、生物與環境間的交互作用，常具有規則性。,,
III,5;6,INe-III-2,物質的形態與性質可因燃燒、生鏽、發酵、酸鹼作用等而改變或形成新物質，這些改變有些會和溫度、水、空氣、光等有關。改變要能發生，常需要具備一些條件。,,
III,5;6,INe-III-3,燃燒是物質與氧劇烈作用的現象，燃燒必須同時具備可燃物、助燃物，並達到燃點等三個要素。,,
III,5;6,INe-III-4,物質溶解、反應前後總重量不變。,,
III,5;6,INe-III-5,常用酸鹼物質的特性，水溶液的酸鹼性質及其生活上的運用。,,
III,5;6,INe-III-6,聲音有大小、高低與音色等不同性質，生活中聲音有樂音與噪音之分，噪音可以防治。,,
III,5;6,INe-III-7,陽光是由不同色光組成。,,
III,5;6,INe-III-8,光會有折射現象，放大鏡可聚光和成像。,,
III,5;6,INe-III-9,地球有磁場，會使指北針指向固定方向。,,
III,5;6,INe-III-10,磁鐵與通電的導線皆可產生磁力，使附近指北針偏轉。改變電流方向或大小，可以調控電磁鐵的磁極方向或磁力大小。,,
III,5;6,INe-III-11,動物有覓食、生殖、保護、訊息傳遞以及社會性的行為。,,
III,5;6,INe-III-12,生物的分布和習性，會受環境因素的影響；環境改變也會影響生存於其中的生物種類。,,
III,5;6,INe-III-13,生態系中生物與生物彼此間的交互作用，有寄生、共生和競爭的關係。,,
III,5;6,INf-III-1,世界與本地不同性別科學家的事蹟與貢獻。,,
III,5;6,INf-III-2,科技在生活中的應用與對環境與人體的影響。,,
III,5;6,INf-III-3,自然界生物的特徵與原理在人類生活上的應用。 ,,
III,5;6,INf-III-4,人類日常生活中所依賴的經濟動植物及栽培養殖的方法。,,
III,5;6,INf-III-5,臺灣的主要天然災害之認識及防災避難。,,
III,5;6,INf-III-6,生活中的電器可以產生電磁波，具有功能但也可能造成傷害。,,
III,5;6,INg-III-1,自然景觀和環境一旦被改變或破壞，極難恢復。,,
III,5;6,INg-III-2,人類活動與其他生物的活動會相互影響，不當引進外來物種可能造成經濟損失和生態破壞。,,
III,5;6,INg-III-3,生物多樣性對人類的重要性，而氣候變遷將對生物生存造成影響。,,
III,5;6,INg-III-4,人類的活動會造成氣候變遷，加劇對生態與環境的影響。,,
III,5;6,INg-III-5,能源的使用與地球永續發展息息相關。,,
III,5;6,INg-III-6,碳足跡與水足跡所代表環境的意涵。,,
III,5;6,INg-III-7,人類行為的改變可以減緩氣候變遷所造成的衝擊與影響。,,
IV,7;8;9,Aa-IV-1,原子模型的發展。,,
IV,7;8;9,Aa-IV-2,原子量與分子量是原子、分子之間的相對質量。,,
IV,7;8;9,Aa-IV-3,純物質包括元素與化合物。,,
IV,7;8;9,Aa-IV-4,元素的性質有規律性和週期性。,,
IV,7;8;9,Aa-IV-5,元素與化合物有特定的化學符號表示法。,,
IV,7;8;9,Ab-IV-1,物質的粒子模型與物質三態。,,
IV,7;8;9,Ab-IV-2,溫度會影響物質的狀態。,,
IV,7;8;9,Ab-IV-3,物質的物理性質與化學性質。,,
IV,7;8;9,Ab-IV-4,物質依是否可用物理方法分離，可分為純物質和混合物。,,
IV,7;8;9,Ba-IV-1,能量有不同形式，例如：動能、熱能、光能、電能、化學能等，而且彼此之間可以轉換。 孤立系統的總能量會維持定值。,,
IV,7;8;9,Ba-IV-2,光合作用是將光能轉換成化學能；呼吸作用是將化學能轉換成熱能。,,
IV,7;8;9,Ba-IV-3,化學反應中的能量改變，常以吸熱或放熱的形式發生。,,
IV,7;8;9,Ba-IV-4,電池是化學能轉變成電能的裝置。,,
IV,7;8;9,Ba-IV-5,力可以作功，作功可以改變物體的能量。,,
IV,7;8;9,Ba-IV-6,每單位時間對物體所做的功稱為功率。,,
IV,7;8;9,Ba-IV-7,物體的動能與位能之和稱為力學能，動能與位能可以互換。,,
IV,7;8;9,Bb-IV-1,熱具有從高溫處傳到低溫處的趨勢。,,
IV,7;8;9,Bb-IV-2,透過水升高溫度所吸收的熱能定義熱量單位。,,
IV,7;8;9,Bb-IV-3,不同物質受熱後，其溫度的變化可能不同，比熱就是此特性的定量化描述。,,
IV,7;8;9,Bb-IV-4,熱的傳播方式包含傳導、對流與輻射。,,
IV,7;8;9,Bb-IV-5,熱會改變物質形態，例如：狀態產生變化、 體積發生脹縮。,,
IV,7;8;9,Bc-IV-1 ,生物經由酵素的催化進行新陳代謝，並以實驗活動探討影響酵素作用速率的因素。 ,,
IV,7;8;9,Bc-IV-2,細胞利用養分進行呼吸作用釋放能量，供生物生存所需。,,
IV,7;8;9,Bc-IV-3,植物利用葉綠體進行光合作用，將二氧化碳和水轉變成醣類養分，並釋出氧氣；養分可供植物本身及動物生長所需。,,
IV,7;8;9,Bc-IV-4,日光、二氧化碳和水分等因素會影響光合作用的進行，這些因素的影響可經由探究實驗來證實。,,
IV,7;8;9,Bd-IV-1,生態系中的能量來源是太陽，能量會經由食物鏈在不同生物間流轉。,,
IV,7;8;9,Bd-IV-2,在生態系中，碳元素會出現在不同的物質中（例如：二氧化碳、葡萄糖），在生物與無生物間循環使用。,,
IV,7;8;9,Bd-IV-3,生態系中，生產者、消費者和分解者共同促成能量的流轉和物質的循環。,,
IV,7;8;9,Ca-IV-1,實驗分離混合物，例如：結晶法、過濾法及簡易濾紙色層分析法。,,
IV,7;8;9,Ca-IV-2,化合物可利用化學性質來鑑定。,,
IV,7;8;9,Cb-IV-1,分子與原子。,,
IV,7;8;9,Cb-IV-2,元素會因原子排列方式不同而有不同的特性。,,
IV,7;8;9,Cb-IV-3,分子式相同會因原子排列方式不同而形成不同的物質。,,
IV,7;8;9,Da-IV-1,使用適當的儀器可觀察到細胞的形態及細胞膜、細胞質、細胞核、細胞壁等基本構造。,,
IV,7;8;9,Da-IV-2,細胞是組成生物體的基本單位。,,
IV,7;8;9,Da-IV-3,多細胞個體具有細胞、組織、器官、器官系統等組成層次。,,
IV,7;8;9,Da-IV-4,細胞會進行細胞分裂，染色體在分裂過程中會發生變化。,,
IV,7;8;9,Db-IV-1,動物體（以人體為例）經由攝食、消化、吸收獲得所需的養分。,,
IV,7;8;9,Db-IV-2,動物體（以人體為例）的循環系統能將體內的物質運輸至各細胞處，並進行物質交換。 並經由心跳、心音及脈搏的探測，以了解循環系統的運作情形。,,
IV,7;8;9,Db-IV-3,動物體（以人體為例）藉由呼吸系統與外界交換氣體。,,
IV,7;8;9,Db-IV-4,生殖系統（以人體為例）能產生配子進行有性生殖，並且有分泌激素的功能。,,
IV,7;8;9,Db-IV-5,動植物體適應環境的構造常成為人類發展各種精密儀器的參考。,,
IV,7;8;9,Db-IV-6,植物體根、莖、葉、花、果實內的維管束具有運輸功能。,,
IV,7;8;9,Db-IV-7,花的構造中，雄蕊的花藥可產生花粉粒，花粉粒內有精細胞；雌蕊的子房內有胚珠，胚珠內有卵細胞。,,
IV,7;8;9,Db-IV-8,植物體的分布會影響水在地表的流動，也會影響氣溫和空氣品質。,,
IV,7;8;9,Dc-IV-1,人體的神經系統能察覺環境的變動並產生反應。,,
IV,7;8;9,Dc-IV-2,人體的內分泌系統能調節代謝作用，維持體內物質的恆定。,,
IV,7;8;9,Dc-IV-3,皮膚是人體的第一道防禦系統，能阻止外來物，例如：細菌的侵入；而淋巴系統則可進一步產生免疫作用。,,
IV,7;8;9,Dc-IV-4,人體會藉由各系統的協調，使體內所含的物質以及各種狀態能維持在一定範圍內。,,
IV,7;8;9,Dc-IV-5,生物體能覺察外界環境變化、採取適當的反應以使體內環境維持恆定，這些現象能以觀察或改變自變項的方式來探討。,,
IV,7;8;9,Ea-IV-1,時間、長度、質量等為基本物理量，經由計算可得到密度、體積等衍伸物理量。,,
IV,7;8;9,Ea-IV-2,以適當的尺度量測或推估物理量，例如：奈米到光年、毫克到公噸、毫升到立方公尺等。,,
IV,7;8;9,Ea-IV-3,測量時可依工具的最小刻度進行估計。,,
IV,7;8;9,Eb-IV-1,力能引發物體的移動或轉動。,,
IV,7;8;9,Eb-IV-2,力矩會改變物體的轉動，槓桿是力矩的作用。,,
IV,7;8;9,Eb-IV-3,平衡的物體所受合力為零且合力矩為零。,,
IV,7;8;9,Eb-IV-4,摩擦力可分靜摩擦力與動摩擦力。,,
IV,7;8;9,Eb-IV-5,壓力的定義與帕斯卡原理。,,
IV,7;8;9,Eb-IV-6,物體在靜止液體中所受浮力，等於排開液體的重量。,,
IV,7;8;9,Eb-IV-7,簡單機械，例如：槓桿、滑輪、輪軸、齒輪、斜面，通常具有省時、省力，或者是改變作用力方向等功能。,,
IV,7;8;9,Eb-IV-8,距離、時間及方向等概念可用來描述物體的運動。,,
IV,7;8;9,Eb-IV-9,圓周運動是一種加速度運動。,,
IV,7;8;9,Eb-IV-10,物體不受力時，會保持原有的運動狀態。,,
IV,7;8;9,Eb-IV-11,物體做加速度運動時，必受力。以相同的力量作用相同的時間，則質量愈小的物體其受力後造成的速度改變愈大。,,
IV,7;8;9,Eb-IV-12,物體的質量決定其慣性大小。 ,,
IV,7;8;9,Eb-IV-13,對於每一作用力都有一個大小相等、方向相反的反作用力。,,
IV,7;8;9,Ec-IV-1,大氣壓力是因為大氣層中空氣的重量所造成。,,
IV,7;8;9,Ec-IV-2,定溫下，定量氣體在密閉容器內，其壓力與體積的定性關係。,,
IV,7;8;9,Ed-IV-1,星系是組成宇宙的基本單位。 ,,
IV,7;8;9,Ed-IV-2,我們所在的星系，稱為銀河系，主要是由恆星所組成；太陽是銀河系的成員之一。,,
IV,7;8;9,Fa-IV-1,地球具有大氣圈、水圈和岩石圈。,,
IV,7;8;9,Fa-IV-2,三大類岩石有不同的特徵和成因。,,
IV,7;8;9,Fa-IV-3,大氣的主要成分為氮氣和氧氣，並含有水氣、二氧化碳等變動氣體。,,
IV,7;8;9,Fa-IV-4,大氣可由溫度變化分層。,,
IV,7;8;9,Fa-IV-5,海水具有不同的成分及特性。,,
IV,7;8;9,Fb-IV-1,太陽系由太陽和行星組成，行星均繞太陽公轉。,,
IV,7;8;9,Fb-IV-2,類地行星的環境差異極大。,,
IV,7;8;9,Fb-IV-3,月球繞地球公轉；日、月、地在同一直線上會發生日月食。,,
IV,7;8;9,Fb-IV-4,月相變化具有規律性。,,
IV,7;8;9,Fc-IV-1,生物圈內含有不同的生態系。生態系的生物因子，其組成層次由低到高為個體、族群、 群集。,,
IV,7;8;9,Fc-IV-2,組成生物體的基本層次是細胞，而細胞則由醣類、蛋白質及脂質等分子所組成，這些分子則由更小的粒子所組成。,,
IV,7;8;9,Ga-IV-1,生物的生殖可分為有性生殖與無性生殖，有性生殖產生的子代其性狀和親代差異較大。,,
IV,7;8;9,Ga-IV-2,人類的性別主要由性染色體決定。,,
IV,7;8;9,Ga-IV-3,人類的 ABO 血型是可遺傳的性狀。,,
IV,7;8;9,Ga-IV-4,遺傳物質會發生變異，其變異可能造成性狀的改變，若變異發生在生殖細胞可遺傳到後代。,,
IV,7;8;9,Ga-IV-5,生物技術的進步，有助於解決農業、食品、能源、醫藥，以及環境相關的問題，但也可能帶來新問題。,,
IV,7;8;9,Ga-IV-6,孟德爾遺傳研究的科學史。,,
IV,7;8;9,Gb-IV-1,從地層中發現的化石，可以知道地球上曾經存在許多的生物，但有些生物已經消失了，例如：三葉蟲、恐龍等。,,
IV,7;8;9,Gc-IV-1,依據生物形態與構造的特徵，可以將生物分類。,,
IV,7;8;9,Gc-IV-2,地球上有形形色色的生物，在生態系中擔任不同的角色，發揮不同的功能，有助於維持生態系的穩定。,,
IV,7;8;9,Gc-IV-3,人的體表和體內有許多微生物，有些微生物對人體有利，有些則有害。,,
IV,7;8;9,Gc-IV-4,人類文明發展中有許多利用微生物的例子，例如：早期的釀酒、近期的基因轉殖等。,,
IV,7;8;9,Hb-IV-1,研究岩層岩性與化石可幫助了解地球的歷史。,,
IV,7;8;9,Hb-IV-2,解讀地層、地質事件，可幫助了解當地的地層發展先後順序。,,
IV,7;8;9,Ia-IV-1,外營力及內營力的作用會改變地貌。,,
IV,7;8;9,Ia-IV-2,岩石圈可分為數個板塊。,,
IV,7;8;9,Ia-IV-3,板塊之間會相互分離或聚合，產生地震、火山和造山運動。,,
IV,7;8;9,Ia-IV-4,全球地震、火山分布在特定的地帶，且兩者相當吻合。,,
IV,7;8;9,Ib-IV-1,氣團是性質均勻的大型空氣團塊，性質各有不同。,,
IV,7;8;9,Ib-IV-2,氣壓差會造成空氣的流動而產生風。,,
IV,7;8;9,Ib-IV-3,由於地球自轉的關係會造成高、低氣壓空氣的旋轉。,,
IV,7;8;9,Ib-IV-4,鋒面是性質不同的氣團之交界面，會產生各種天氣變化。,,
IV,7;8;9,Ib-IV-5,臺灣的災變天氣包括颱風、梅雨、寒潮、乾旱等現象。,,
IV,7;8;9,Ib-IV-6,臺灣秋冬季受東北季風影響，夏季受西南季風影響，造成各地氣溫、風向和降水的季節性差異。,,
IV,7;8;9,Ic-IV-1,海水運動包含波浪、海流和潮汐，各有不同的運動方式。,,
IV,7;8;9,Ic-IV-2,海流對陸地的氣候會產生影響。,,
IV,7;8;9,Ic-IV-3,臺灣附近的海流隨季節有所不同。,,
IV,7;8;9,Ic-IV-4,潮汐變化具有規律性。,,
IV,7;8;9,Id-IV-1,夏季白天較長，冬季黑夜較長。,,
IV,7;8;9,Id-IV-2,陽光照射角度之變化，會造成地表單位面積土地吸收太陽能量的不同。,,
IV,7;8;9,Id-IV-3,地球的四季主要是因為地球自轉軸傾斜於地球公轉軌道面而造成。,,
IV,7;8;9,Ja-IV-1,化學反應中的質量守恆定律。,,
IV,7;8;9,Ja-IV-2,化學反應是原子重新排列。,,
IV,7;8;9,Ja-IV-3,化學反應中常伴隨沉澱、氣體、顏色及溫度變化等現象。,,
IV,7;8;9,Ja-IV-4,化學反應的表示法。,,
IV,7;8;9,Jb-IV-1,由水溶液導電的實驗認識電解質與非電解質。,,
IV,7;8;9,Jb-IV-2,電解質在水溶液中會解離出陰離子和陽離子而導電。,,
IV,7;8;9,Jb-IV-3,不同的離子在水溶液中可能會發生沉澱、酸鹼中和及氧化還原等反應。,,
IV,7;8;9,Jb-IV-4,溶液的概念及重量百分濃度（P%）、百萬分點的表示法（ppm）。,,
IV,7;8;9,Jc-IV-1,氧化與還原的狹義定義為：物質得到氧稱為氧化反應；失去氧稱為還原反應。,,
IV,7;8;9,Jc-IV-2,物質燃燒實驗認識氧化。,,
IV,7;8;9,Jc-IV-3,不同金屬元素燃燒實驗認識元素對氧氣的活性。,,
IV,7;8;9,Jc-IV-4,生活中常見的氧化還原反應與應用。,,
IV,7;8;9,Jc-IV-5,鋅銅電池實驗認識電池原理。,,
IV,7;8;9,Jc-IV-6,化學電池的放電與充電。,,
IV,7;8;9,Jc-IV-7,電解水與硫酸銅水溶液實驗認識電解原理。,,
IV,7;8;9,Jd-IV-1,金屬與非金屬氧化物在水溶液中的酸鹼性，及酸性溶液對金屬與大理石的反應。,,
IV,7;8;9,Jd-IV-2,酸鹼強度與 pH 值的關係。,,
IV,7;8;9,Jd-IV-3,實驗認識廣用指示劑及 pH 計。,,
IV,7;8;9,Jd-IV-4,水溶液中氫離子與氫氧根離子的關係。,,
IV,7;8;9,Jd-IV-5,酸、鹼、鹽類在日常生活中的應用與危險性。,,
IV,7;8;9,Jd-IV-6,實驗認識酸與鹼中和生成鹽和水，並可放出熱量而使溫度變化。,,
IV,7;8;9,Je-IV-1,實驗認識化學反應速率及影響反應速率的因素，例如：本性、溫度、濃度、接觸面積及催化劑。,,
IV,7;8;9,Je-IV-2,可逆反應。,,
IV,7;8;9,Je-IV-3,化學平衡及溫度、濃度如何影響化學平衡的因素。,,
IV,7;8;9,Jf-IV-1,有機化合物與無機化合物的重要特徵。,,
IV,7;8;9,Jf-IV-2,生活中常見的烷類、醇類、有機酸及酯類。,,
IV,7;8;9,Jf-IV-3,酯化與皂化反應。,,
IV,7;8;9,Jf-IV-4,常見的塑膠。,,
IV,7;8;9,Ka-IV-1,波的特徵，例如：波峰、波谷、波長、頻率、波速、振幅。 ,,
IV,7;8;9,Ka-IV-2,波傳播的類型，例如：橫波和縱波。,,
IV,7;8;9,Ka-IV-3,介質的種類、狀態、密度及溫度等因素會影響聲音傳播的速率。,,
IV,7;8;9,Ka-IV-4,聲波會反射，可以做為測量、傳播等用途。,,
IV,7;8;9,Ka-IV-5,耳朵可以分辨不同的聲音，例如：大小、高低及音色，但人耳聽不到超聲波。,,
IV,7;8;9,Ka-IV-6,由針孔成像、影子實驗驗證與說明光的直進性。,,
IV,7;8;9,Ka-IV-7,光速的大小和影響光速的因素。,,
IV,7;8;9,Ka-IV-8,透過實驗探討光的反射與折射規律。,,
IV,7;8;9,Ka-IV-9,生活中有許多運用光學原理的實例或儀器，例如：透鏡、面鏡、眼睛、眼鏡及顯微鏡等。,,
IV,7;8;9,Ka-IV-10,陽光經過三稜鏡可以分散成各種色光。,,
IV,7;8;9,Ka-IV-11,物體的顏色是光選擇性反射的結果。,,
IV,7;8;9,Kb-IV-1,物體在地球或月球等星體上因為星體的引力作用而具有重量；物體之質量與其重量是不同的物理量。,,
IV,7;8;9,Kb-IV-2,帶質量的兩物體之間有重力，例如：萬有引力，此力大小與兩物體各自的質量成正比、與物體間距離的平方成反比。,,
IV,7;8;9,Kc-IV-1,摩擦可以產生靜電，電荷有正負之別。,,
IV,7;8;9,Kc-IV-2,靜止帶電物體之間有靜電力，同號電荷會相斥，異號電荷則會相吸。,,
IV,7;8;9,Kc-IV-3,磁場可以用磁力線表示，磁力線方向即為磁場方向，磁力線越密處磁場越大。,,
IV,7;8;9,Kc-IV-4,電流會產生磁場，其方向分布可以由安培右手定則求得。,,
IV,7;8;9,Kc-IV-5,載流導線在磁場會受力，並簡介電動機的運作原理。,,
IV,7;8;9,Kc-IV-6,環形導線內磁場變化，會產生感應電流。,,
IV,7;8;9,Kc-IV-7,電池連接導體形成通路時，多數導體通過的電流與其兩端電壓差成正比，其比值即為電阻。,,
IV,7;8;9,Kc-IV-8,電流通過帶有電阻物體時，能量會以發熱的形式逸散。,,
IV,7;8;9,La-IV-1,隨著生物間、生物與環境間的交互作用，生態系中的結構會隨時間改變，形成演替現象。,,
IV,7;8;9,Lb-IV-1,生態系中的非生物因子會影響生物的分布與生存，環境調查時常需檢測非生物因子的變化。,,
IV,7;8;9,Lb-IV-2,人類活動會改變環境，也可能影響其他生物的生存。,,
IV,7;8;9,Lb-IV-3,人類可採取行動來維持生物的生存環境，使生物能在自然環境中生長、繁殖、交互作用，以維持生態平衡。,,
IV,7;8;9,Ma-IV-1,生命科學的進步，有助於解決社會中發生的農業、食品、能源、醫藥，以及環境相關的問題。,,
IV,7;8;9,Ma-IV-2,保育工作不是只有科學家能夠處理，所有的公民都有權利及義務，共同研究、監控及維護生物多樣性。,,
IV,7;8;9,Ma-IV-3,不同的材料對生活及社會的影響。,,
IV,7;8;9,Ma-IV-4,各種發電方式與新興的能源科技對社會、經濟、環境及生態的影響。,,
IV,7;8;9,Ma-IV-5,各種本土科學知能（含原住民族科學與世界觀）對社會、經濟環境及生態保護之啟示。,,
IV,7;8;9,Mb-IV-1,生物技術的發展是為了因應人類需求，運用跨領域技術來改造生物。發展相關技術的歷程中，也應避免對其他生物以及環境造成過度的影響。,,
IV,7;8;9,Mb-IV-2,科學史上重要發現的過程，以及不同性別、背景、族群者於其中的貢獻。,,
IV,7;8;9,Mc-IV-1,生物生長條件與機制在處理環境汙染物質的應用。,,
IV,7;8;9,Mc-IV-2,運用生物體的構造與功能，可改善人類生活。,,
IV,7;8;9,Mc-IV-3,生活中對各種材料進行加工與運用。,,
IV,7;8;9,Mc-IV-4,常見人造材料的特性、簡單的製造過程及在生活上的應用。,,
IV,7;8;9,Mc-IV-5,電力供應與輸送方式的概要。,,
IV,7;8;9,Mc-IV-6,用電安全常識，避免觸電和電線走火。,,
IV,7;8;9,Mc-IV-7,電器標示和電費計算。,,
IV,7;8;9,Md-IV-1,生物保育知識與技能在防治天然災害的應用。,,
IV,7;8;9,Md-IV-2,颱風主要發生在七至九月，並容易造成生命財產的損失。,,
IV,7;8;9,Md-IV-3,颱風會帶來狂風、豪雨及暴潮等災害。,,
IV,7;8;9,Md-IV-4,臺灣位處於板塊交界，因此地震頻仍，常造成災害。,,
IV,7;8;9,Md-IV-5,大雨過後和順向坡會加重山崩的威脅。,,
IV,7;8;9,Me-IV-1,環境汙染物對生物生長的影響及應用。,,
IV,7;8;9,Me-IV-2,家庭廢水的影響與再利用。,,
IV,7;8;9,Me-IV-3,空氣品質與空氣汙染的種類、來源及一般防治方法。,,
IV,7;8;9,Me-IV-4,溫室氣體與全球暖化。,,
IV,7;8;9,Me-IV-5,重金屬汙染的影響。,,
IV,7;8;9,Me-IV-6,環境汙染物與生物放大的關係。,,
IV,7;8;9,Me-IV-7,對聲音的特性做深入的研究可以幫助我們更確實防範噪音的汙染。,,
IV,7;8;9,Na-IV-1,利用生物資源會影響生物間相互依存的關係。,,
IV,7;8;9,Na-IV-2,生活中節約能源的方法。,,
IV,7;8;9,Na-IV-3,環境品質繫於資源的永續利用與維持生態平衡。,,
IV,7;8;9,Na-IV-4,資源使用的 5R：減量、拒絕、重複使用、回收及再生。,,
IV,7;8;9,Na-IV-5,各種廢棄物對環境的影響，環境的承載能力與處理方法。 ,,
IV,7;8;9,Na-IV-6,人類社會的發展必須建立在保護地球自然環境的基礎上。,,
IV,7;8;9,Na-IV-7,為使地球永續發展，可以從減量、回收、再利用、綠能等做起。,,
IV,7;8;9,Nb-IV-1,全球暖化對生物的影響。,,
IV,7;8;9,Nb-IV-2,氣候變遷產生的衝擊有海平面上升、全球暖化、異常降水等現象。,,
IV,7;8;9,Nb-IV-3,因應氣候變遷的方法有減緩與調適。,,
IV,7;8;9,Nc-IV-1,生質能源的發展現況。,,
IV,7;8;9,Nc-IV-2,開發任何一種能源都有風險，應依據證據來評估與決策。,,
IV,7;8;9,Nc-IV-3,化石燃料的形成與特性。,,
IV,7;8;9,Nc-IV-4,新興能源的開發，例如：風能、太陽能、核融合發電、汽電共生、生質能、燃料電池等。 ,,
IV,7;8;9,Nc-IV-5,新興能源的科技，例如：油電混合動力車、太陽能飛機等。,,
IV,7;8;9,Nc-IV-6,臺灣能源的利用現況與未來展望。,,
Va,11;12,BDa-Va-1,細胞的分子組成。,,
Va,11;12,BDa-Va-2,生物膜的構造與功能。,,
Va,11;12,BDa-Va-3,酶的功能與影響酶活性的因素。,,
Va,11;12,BDa-Va-4,呼吸作用包括有氧呼吸、無氧呼吸及醱酵作用。,,
Va,11;12,BDa-Va-5,能量流轉與生命維持的關係。,,
Va,11;12,BDa-Va-6,細胞的生命歷程。,,
Vc,10,BDa-Vc-1,不同的細胞具有不同的功能、形態及構造。,,
Vc,10,BDa-Vc-2,原核細胞與真核細胞的構造與功能。,,
Vc,10,BDa-Vc-3,ATP是提供細胞生理作用所需能量的直接來源。,,
Vc,10,BDa-Vc-4,光合作用與呼吸作用的能量轉換關係。,,
Vc,10,BDa-Vc-5,真核細胞的細胞週期包括間期與細胞分裂期。,,
Vc,10,BDa-Vc-6,真核細胞的細胞分裂。,,
Vc,10,BDa-Vc-7,有絲分裂的過程。,,
Vc,10,BDa-Vc-8,動物生殖細胞一般須經過減數分裂的過程形成配子。,,
Vc,10,BDa-Vc-9,多細胞生物的受精卵經由有絲分裂與細胞分化的過程，形成不同類型的細胞。,,
Va,11;12,BDb-Va-1,動物組織的構造與功能。,,
Va,11;12,BDb-Va-2,動物體的器官系統之構造與功能。 ,,
Va,11;12,BDb-Va-3,動物體內恆定的生理意義與重要性。,,
Va,11;12,BDb-Va-4,動物體對刺激的感應。,,
Va,11;12,BDb-Va-5,動物體的神經系統對生理作用的調節。,,
Va,11;12,BDb-Va-6,動物體的激素對生理作用的調節。,,
Va,11;12,BDb-Va-7,動物體的防禦構造與功能。,,
Va,11;12,BDb-Va-8,動物體的生殖與胚胎發育。,,
Va,11;12,BDb-Va-9,植物體的組成層次。,,
Va,11;12,BDb-Va-10,光合作用包括光反應與固碳反應。,,
Va,11;12,BDb-Va-11,植物體的生殖。,,
Va,11;12,BDb-Va-12,植物體內的物質運輸。,,
Va,11;12,BDb-Va-13,植物激素會調節植物體的生理作用。,,
Va,11;12,BDb-Va-14,植物體對環境刺激的反應。,,
Va,11;12,BFc-Va-1,生態學的研究層級主要為個體、族群、群集、生態系及生物圈。,,
Va,11;12,BFc-Va-2,臺灣主要的生態系可分為自然生態系與人工生態系。,,
Va,11;12,BGa-Va-1,遺傳的染色體學說的建立。,,
Va,11;12,BGa-Va-2,確認DNA為遺傳物質的歷程。,,
Va,11;12,BGa-Va-3,遺傳訊息的複製。,,
Va,11;12,BGa-Va-4,遺傳訊息的轉錄與轉譯。,,
Va,11;12,BGa-Va-5,基因表現的調控。,,
Va,11;12,BGa-Va-6,遺傳變異。,,
Va,11;12,BGa-Va-7,生物科技的應用。,,
Vc,10,BGa-Vc-1,孟德爾遺傳法則中，性狀與遺傳因子之關係。,,
Vc,10,BGa-Vc-2,孟德爾遺傳法則的延伸。,,
Vc,10,BGa-Vc-3,遺傳的染色體學說之發展歷程。,,
Vc,10,BGa-Vc-4,性聯遺傳。,,
Vc,10,BGa-Vc-5,遺傳物質為核酸。,,
Vc,10,BGa-Vc-6,分子遺傳學的中心法則。,,
Vc,10,BGa-Vc-7,同一性狀具有不同的表徵。,,
Va,11;12,BGb-Va-1,生源說與無生源說的爭論歷程。,,
Va,11;12,BGb-Va-2,從無機物到有機物的演變，探討生物起源的過程。,,
Va,11;12,BGb-Va-3,原核細胞形成的演化歷程。,,
Va,11;12,BGb-Va-4,真核細胞形成的演化歷程。,,
Va,11;12,BGb-Va-5,現代生物演化理論。,,
Va,11;12,BGb-Va-6,族群遺傳學。,,
Va,11;12,BGb-Va-7,演化與物種形成。,,
Vc,10,BGb-Vc-1,生物性狀的表徵比例會變動。,,
Vc,10,BGb-Vc-2,達爾文的演化理論。,,
Vc,10,BGb-Vc-3,共同祖先的概念對生物分類系統之影響。,,
Vc,10,BGb-Vc-4,演化證據對生物分類系統演變之影響。,,
Vc,10,BGb-Vc-5,在地球上的生物經演化過程而形成目前的生物多樣性。,,
Va,11;12,BGc-Va-1,生物多樣性包含遺傳多樣性、物種多樣性及生態系多樣性三個面向。,,
Va,11;12,BGc-Va-2,遺傳多樣性。,,
Va,11;12,BGc-Va-3,物種多樣性。,,
Va,11;12,BGc-Va-4,生態系多樣性。,,
Va,11;12,BGc-Va-5,造就臺灣生物多樣性的因素。,,
Va,11;12,BGc-Va-6,生物多樣性的保育。,,
Va,11;12,BLb-Va-1,生態學的研究層級。,,
Va,11;12,BLb-Va-2,族群特徵包括族群大小、族群密度、族群成長曲線、生存曲線及年齡結構等。,,
Va,11;12,BLb-Va-3,群集中族群間的交互作用、群集結構及演替。,,
Va,11;12,BLb-Va-4,生態系中的非生物因子與生物因子、能量流轉及元素循環。,,
Va,11;12,BMa-Va-1,探討代理孕母的倫理與法律問題。,,
Va,11;12,BMa-Va-2,探討人類基因組計畫及其意義與重要性。,,
Va,11;12,BMb-Va-1,從科學史的觀點，探討生物膜的模型之發展歷程。,,
Va,11;12,BMb-Va-2,從科學史的觀點，探討生長素發現過程的相關實驗。,,
Va,11;12,BMb-Va-3,從科學史的觀點，說明遺傳的染色體學說之發展歷程。,,
Va,11;12,BMb-Va-4,從科學史的觀點，探討聯鎖的相關實驗與推論。,,
Va,11;12,BMb-Va-5,從科學史的觀點，探討確認DNA為遺傳物質之發展歷程。,,
Va,11;12,BMb-Va-6,從科學史的觀點，探討DNA分子結構模型之發展歷程。,,
Va,11;12,BMb-Va-7,從科學史的觀點，探討DNA複製為半保留複製模式之發展歷程。,,
Va,11;12,BMb-Va-8,從科學史的觀點，說明現代生物演化理論之發展歷程。,,
Vc,10,BMb-Vc-1,細胞學說的發展歷程。,,
Vc,10,BMb-Vc-2,孟德爾依據實驗結果推論遺傳現象的規律性。,,
Vc,10,BMb-Vc-3,性染色體的發現。,,
Vc,10,BMb-Vc-4,演化觀念的形成與發展。,,
Va,11;12,BMc-Va-1,生物科技的應用。,,
Va,11;12,BMc-Va-2,以生態學的理論為基礎，規劃保育策略。,,
Va,11;12,BMc-Va-3,可以實際案例，由研究、教育、立法或行政等方面來探討生物多樣性的保育。,,
Vc,10,BMc-Vc-1,基因轉殖技術的應用。,,
Va,11;12,BNa-Va-1,棲地零碎化造成的邊緣效應對物種多樣性之影響。,,
Va,11;12,BNa-Va-2,入侵外來種對物種多樣性之影響。,,
Va,11;12,PBa-Va-1,功等於力和位移的向量內積，功率為功的時間變化率。 ,,
Va,11;12,PBa-Va-2,功能定理。,,
Va,11;12,PBa-Va-3,位能的定義。,,
Va,11;12,PBa-Va-4,重力位能及彈簧位能的一般表示式。,,
Va,11;12,PBa-Va-5,一般性的力學能守恆律與實例。,,
Vc,10,PBa-Vc-1,電場以及磁場均具有能量，利用手機傳遞訊息即是電磁場以電磁波的形式來傳遞能量的實例。,,
Vc,10,PBa-Vc-2,不同形式的能量間可以轉換，且總能量守恆。能量的形式因觀察尺度的不同，而有不同的展現與說明。,,
Vc,10,PBa-Vc-3,質量及能量可以相互轉換，其轉換公式為 E = mc2。,,
Vc,10,PBa-Vc-4,原子核的融合以及原子核的分裂是質量可以轉換為能量的應用實例，且為目前重要之能源議題。,,
Va,11;12,PBb-Va-1,理想氣體狀態方程為PV=nRT，此溫度T為絕對溫度。,,
Va,11;12,PBb-Va-2,將牛頓力學定律應用到理想氣體動力論，可以推導出氣體壓力以及體積與內能的定量關係。將此結果套用到理想氣體狀態方程式則可得出理想氣體的內能與絕對溫度成正比的結論。,,
Va,11;12,PBb-Va-3,在一系統中氣體分子運動速率並非完全相同，而是有一個速率分布。,,
Vc,10,PBb-Vc-1,克氏溫標的意義及理想氣體的內能的簡單說明。,,
Vc,10,PBb-Vc-2,實驗顯示：把功轉換成熱很容易，卻無法把熱完全轉換為功。,,
Vc,10,PBb-Vc-3,物體內的原子不斷在運動並交互作用，此交互作用能量與原子的動能合稱為熱能。,,
Vc,10,PBb-Vc-4,由於物體溫度的不同所造成的能量傳遞稱為熱。,,
Va,11;12,PEa-Va-1,測量都會有不確定度，不確定度源自被測量物、測量儀器的特性，並受測量者及環境的影響。不確定度有國際公定的標準計算方法。,,
Vc,10,PEa-Vc-1,科學上常用的物理量有國際標準單位。,,
Vc,10,PEa-Vc-2,因工具的限制或應用上的方便，許多自然科學所需的測量，包含物理量，是經由基本物理量的測量再計算而得。,,
Vc,10,PEa-Vc-3,原子的大小約為10-10公尺，原子核的大小約為10-15公尺。,,
Va,11;12,PEb-Va-1,質點如在一平面上運動，則其位移、速度、加速度有兩個獨立的分量。,,
Va,11;12,PEb-Va-2,直線等加速運動（例如：自由落體運動），其位移、速度、加速度及時間的數學關係。,,
Va,11;12,PEb-Va-3,二質點在同一直線上運動，其相對速度為二質點速度之差。,,
Va,11;12,PEb-Va-4,簡諧運動為一週期性運動，其位移和速度可用時間的正弦函數或餘弦函數表示。,,
Va,11;12,PEb-Va-5,質點如在一平面上運動，則其位移、速度、加速度有兩個分量，應用向量表示，例如：拋體運動，其軌跡是拋物線。,,
Va,11;12,PEb-Va-6,質點作等速圓周運動時其速率及角速度不變，但有向心加速度，因此速度的方向會改變。,,
Va,11;12,PEb-Va-7,力是向量，可以分解和合成。,,
Va,11;12,PEb-Va-8,牛頓三大運動定律包括慣性定律、運動定律、作用與反作用定律。,,
Va,11;12,PEb-Va-9,牛頓第二運動定律的應用，例如：簡諧運動與等速圓周運動。,,
Va,11;12,PEb-Va-10,質點的動量等於質點的質量乘以速度，其時間變化率等於質點所受作用力。衝量等於動量的變化。,,
Va,11;12,PEb-Va-11,質點系統的動量對時間的變化率等於外力的總和，如外力的總和為零，則系統動量守恆。,,
Va,11;12,PEb-Va-12,質點系統質心的定義。,,
Va,11;12,PEb-Va-13,質心速度、質心加速度及系統總動量及其所受外力的關係。,,
Va,11;12,PEb-Va-14,一質點的角動量等於其位置向量和動量的向量外積，其時間變化率等於質點所受的力矩。,,
Va,11;12,PEb-Va-15,許多生活上和工程上的問題都可用牛頓三大運動定律來解釋或計算，例如：靜力平衡、摩擦力、一維碰撞問題。,,
Vc,10,PEb-Vc-1,伽利略之前學者對物體運動的觀察與思辯。,,
Vc,10,PEb-Vc-2,伽利略對物體運動的研究與思辯歷程。,,
Vc,10,PEb-Vc-3,克卜勒行星運動三大定律發現的歷史背景及內容。,,
Vc,10,PEb-Vc-4,牛頓三大運動定律。,,
Vc,10,PEb-Vc-5,摩擦力、正向力、彈力等常見的作用力。,,
Va,11;12,PKa-Va-1,力學波須透過介質來傳播，但光可在真空中傳播。,,
Va,11;12,PKa-Va-2,介質振動會產生波。,,
Va,11;12,PKa-Va-3,正弦波在時間上以及空間中均有週期性。,,
Va,11;12,PKa-Va-4,波遇到不同的介質時會反射和透射，例如：繩波。,,
Va,11;12,PKa-Va-5,線性波相遇時波形可以疊加。,,
Va,11;12,PKa-Va-6,兩個振幅、波長、週期皆相同的波相向行進會經由干涉形成駐波。,,
Va,11;12,PKa-Va-7,如聲音形成駐波，其頻率最低者稱為基音，頻率高者稱為泛音。,,
Va,11;12,PKa-Va-8,物體振動的頻率和聲波頻率相同時會產生聲音的共振（或共鳴）。,,
Va,11;12,PKa-Va-9,惠更斯原理可解釋波的傳遞，波前的每一點就像一個向外傳播的點波源。,,
Va,11;12,PKa-Va-10,光有波動的性質。,,
Va,11;12,PKa-Va-11,光的折射遵循司乃耳定律，光由光密介質進入光疏介質的入射角大於臨界角時會發生全反射。,,
Va,11;12,PKa-Va-12,光經透鏡成像可用透鏡公式分析，透鏡有很多用途。,,
Va,11;12,PKa-Va-13,光有干涉與繞射的現象，其亮紋和暗紋決定於相位差。,,
Vc,10,PKa-Vc-1,波速、頻率、波長的數學關係。,,
Vc,10,PKa-Vc-2,定性介紹都卜勒效應及其應用。,,
Vc,10,PKa-Vc-3,歷史上光的主要理論有微粒說和波動說。,,
Vc,10,PKa-Vc-4,光的反射定律，並以波動理論解釋折射定律。,,
Vc,10,PKa-Vc-5,光除了反射和折射現象外，也有干涉及繞射現象。,,
Vc,10,PKa-Vc-6,惠更斯原理可以解釋光波如何前進、干涉和繞射。,,
Vc,10,PKa-Vc-7,馬克士威從其方程式預測電磁波的存在，且計算出電磁波的速度等於光速，因此推論光是一種電磁波，後來也獲得證實。,,
Va,11;12,PKb-Va-1,萬有引力定律的說明。,,
Va,11;12,PKb-Va-2,地球表面的重力與重力加速度。,,
Va,11;12,PKb-Va-3,行星與人造衛星的運動。,,
Va,11;12,PKb-Va-4,以圓周運動為例說明如何由萬有引力定律推論出克卜勒定律。,,
Vc,10,PKb-Vc-1,牛頓運動定律結合萬有引力定律可用以解釋克卜勒行星運動定律。,,
Vc,10,PKb-Vc-2,物體在重力場中運動的定性描述。,,
Va,11;12,PKc-Va-1,可以用電力線表示出電場的大小與方向。,,
Va,11;12,PKc-Va-2,庫倫作用力是守恆力，具有位能。,,
Va,11;12,PKc-Va-3,在電場中，單位電荷在某點所具有的位能，即為該點之電位。,,
Va,11;12,PKc-Va-4,電位差等於電流乘以電阻，此為歐姆定律。,,
Va,11;12,PKc-Va-5,電路中電流帶有能量。,,
Va,11;12,PKc-Va-6,電路有串聯、並聯及迴路等形式，電路中的能量及電量必須守恆。 ,,
Va,11;12,PKc-Va-7,載流導線如長直導線、圓線圈、長螺線管，會產生磁場，遵循必歐-沙伐定律及安培右手定則。 ,,
Va,11;12,PKc-Va-8,載流導線在磁場中受力，可利用此特性設計電動機。 ,,
Va,11;12,PKc-Va-9,在平面上運動的帶電質點受到垂直於平面之均勻磁場的作用，會受力並做等速圓周運動。 ,,
Va,11;12,PKc-Va-10,磁通量的負時間變化率等於感應電動勢，此為法拉第定律。 ,,
Va,11;12,PKc-Va-11,電壓和電流有直流電和交流電兩種。,,
Va,11;12,PKc-Va-12,發電機與變壓器的原理皆為電磁感應。,,
Va,11;12,PKc-Va-13,電場變化會產生磁場。,,
Va,11;12,PKc-Va-14,電磁波在真空中傳播的速率由電磁常數決定，與頻率無關。,,
Va,11;12,PKc-Va-15,平面電磁波的電場、磁場以及傳播方向互相垂直。,,
Vc,10,PKc-Vc-1,電荷會產生電場，兩點電荷間有電力，此力量值與兩點電荷所帶電荷量成正比，與兩點電荷間的距離平方成反比。,,
Vc,10,PKc-Vc-2,原子內帶負電的電子與帶正電的原子核以電力互相吸引，形成穩定的原子結構。,,
Vc,10,PKc-Vc-3,變動的磁場會產生電場，變動的電場會產生磁場。,,
Vc,10,PKc-Vc-4,所有的電磁現象經統整後，皆可由馬克士威方程式描述。,,
Vc,10,PKc-Vc-5,馬克士威方程式預測電磁場的擾動可以在空間中傳遞，即為電磁波。,,
Vc,10,PKc-Vc-6,電磁波包含低頻率的無線電波，到高頻率的伽瑪射線在日常生活中有廣泛的應用。,,
Va,11;12,PKd-Va-1,用湯木生陰極射線管及密立坎油滴實驗測量電子的荷質比及電量。 ,,
Va,11;12,PKd-Va-2,X射線比起可見光來能量較高、波長較短，可用來分析晶體結構，並且有許多其他的應用。 ,,
Va,11;12,PKd-Va-3,普朗克分析黑體輻射現象，提出量子論之解釋。 ,,
Va,11;12,PKd-Va-4,愛因斯坦分析光電效應，提出光量子論。 ,,
Va,11;12,PKd-Va-5,德布羅意提出物質波理論：物質都具有波與粒子的二象性，並經實驗驗證。 ,,
Va,11;12,PKd-Va-6,拉塞福提出正電荷集中在核心，電子分布在外的原子模型。 ,,
Va,11;12,PKd-Va-7,波耳假設角動量的量子化，提出氫原子模型，成功解釋氫原子光譜。 ,,
Va,11;12,PKd-Va-8,依照量子力學解釋，原子內之電子是以機率分布出現，沒有固定的古典軌道。,,
Vc,10,PKd-Vc-1,光具有粒子性，光子能量E=hν，與其頻率ν成正比。,,
Vc,10,PKd-Vc-2,光電效應在日常生活中之應用。,,
Vc,10,PKd-Vc-3,原子光譜。,,
Vc,10,PKd-Vc-4,能階的概念。,,
Vc,10,PKd-Vc-5,電子的雙狹縫干涉現象與其波動性。,,
Vc,10,PKd-Vc-6,光子與電子以及所有微觀粒子都具有波粒二象性。,,
Vc,10,PKd-Vc-7,牛頓運動定律在原子尺度以下並不適用。,,
Va,11;12,PKe-Va-1,質子和中子可組成結構穩定以及不穩定的原子核。 ,,
Va,11;12,PKe-Va-2,不穩定的原子核會經由放射性衰變釋放能量或轉變為其他的原子核。 ,,
Va,11;12,PKe-Va-3,基本交互作用遵循許多守恆律，例如：動量守恆、角動量守恆、質能守恆、電荷守恆。,,
Vc,10,PKe-Vc-1,原子核內的質子與質子、質子與中子、中子與中子之間有強力使它們互相吸引。,,
Vc,10,PKe-Vc-2,單獨的中子並不穩定，會透過弱作用（或弱力）自動衰變成質子及其他粒子。,,
Vc,10,PKe-Vc-3,自然界的一切交互作用可完全由重力、電磁力、強力、以及弱作用等四種基本交互作用所涵蓋。,,
Va,11;12,PMb-Va-1,克卜勒定律和萬有引力定律的關係。,,
Va,11;12,PMb-Va-2,伽利略的慣性原理和牛頓運動定律的關係。,,
Va,11;12,PMc-Va-1,以物理原理解釋自然現象，例如：光的各種現象、天體運動、各種力的作用。,,
Va,11;12,PMc-Va-2,電路、電磁波、透鏡、核能、光電效應的應用。,,
Vc,10,PMc-Vc-1,用電安全。,,
Vc,10,PMc-Vc-2,電在生活中的應用。,,
Vc,10,PMc-Vc-3,科學的態度與方法。,,
Vc,10,PMc-Vc-4,近代物理科學的發展，以及不同性別、背景、族群者於其中的貢獻。,,
Vc,10,PNc-Vc-1,原子核的分裂。,,
Vc,10,PNc-Vc-2,核能發電與輻射安全。,,
Vc,10,PNc-Vc-3,能量一樣的系統，作功的能力不一定相同。,,
Vc,10,PNc-Vc-4,雖然能量守恆，但能量一旦發生形式上的轉換，通常其作功效能會降低。,,
Va,11;12,CAa-Va-1,原子的結構是原子核在中間，電子會存在於不同能階。,,
Va,11;12,CAa-Va-2,波耳氫原子模型解釋氫原子光譜與芮得柏方程式。,,
Va,11;12,CAa-Va-3,多電子原子的電子與其軌域，可以四種量子數加以說明。,,
Va,11;12,CAa-Va-4,原子的電子組態的填入規則，包括包立不相容原理、洪德定則及遞建原理。,,
Va,11;12,CAa-Va-5,元素的電子組態和性質息息相關，且可在週期表呈現出其週期性變化。,,
Vc,10,CAa-Vc-1,拉瓦節提出物質最基本的組成是元素。,,
Vc,10,CAa-Vc-2,道耳頓根據定比定律、倍比定律、質量守恆定律及元素概念提出原子說。,,
Vc,10,CAa-Vc-3,元素依原子序大小順序，有規律的排列在週期表上。,,
Vc,10,CAa-Vc-4,同位素。,,
Va,11;12,CAb-Va-1,化學鍵的特性會影響物質的性質。,,
Va,11;12,CAb-Va-2,不同的官能基會影響有機化合物的性質。,,
Va,11;12,CAb-Va-3,液晶的形態與性質。,,
Va,11;12,CAb-Va-4,週期表中的分類。,,
Vc,10,CAb-Vc-1,物質的三相圖。,,
Vc,10,CAb-Vc-2,元素可依特性分為金屬、類金屬及非金屬。,,
Vc,10,CAb-Vc-3,化合物可依組成與性質不同，分為離子化合物與分子化合物。,,
Va,11;12,CBa-Va-1,化學能與其他形式能量之間的轉換。,,
Va,11;12,CBa-Va-2,影響反應熱的因素包括：溫度、壓力、反應物的量及狀態。,,
Va,11;12,CBa-Va-3,反應熱的加成性遵守赫斯定律。,,
Va,11;12,CBa-Va-4,常見的反應熱種類包括莫耳燃燒熱與莫耳生成熱。,,
Vc,10,CBa-Vc-1,化學反應發生後，產物的能量總和較反應物低者，為放熱反應；反之，則為吸熱反應。,,
Vc,10,CBa-Vc-2,能量轉換過程遵守能量守恆。,,
Vc,10,CCa-Vc-1,混合物的分離過程與純化方法：蒸餾、萃取、色層分析、硬水軟化及海水純化等。,,
Va,11;12,CCa-Va-1,常見物質的鑑定方法與原理。,,
Vc,10,CCa-Vc-2,化合物特性的差異。,,
Va,11;12,CCb-Va-1,同分異構物的結構與功能。,,
Va,11;12,CCb-Va-2,混成軌域與價鍵理論：原子結合的方式與原理。,,
Va,11;12,CCb-Va-3,價殼層電子對互斥原理與分子形狀。,,
Va,11;12,CCb-Va-4,分子形狀、結構、極性及分子間作用力。,,
Vc,10,CCb-Vc-1,原子之間會以不同方式形成不同的化學鍵結。,,
Vc,10,CCb-Vc-2,化學鍵的特性會影響物質的結構，並決定其功能。,,
Va,11;12,CEc-Va-1,理想氣體粒子模型。,,
Va,11;12,CEc-Va-2,氣體的壓力。,,
Va,11;12,CEc-Va-3,理想氣體三大定律與理想氣體方程式。,,
Va,11;12,CEc-Va-4,道耳頓分壓定律。,,
Va,11;12,CEc-Va-5,理想氣體與真實氣體。,,
Vc,10,CEc-Vc-1,氣體基本性質。,,
Va,11;12,CJa-Va-1,化學反應牽涉原子間的重組，並遵守質量守恆、原子不滅、電荷守恆及能量守恆。,,
Va,11;12,CJa-Va-2,化學反應與化學程序的產率。,,
Vc,10,CJa-Vc-1,拉瓦節以定量分析方法，驗證質量守恆定律。,,
Vc,10,CJa-Vc-2,化學反應僅為原子的重新排列組合，其個數不變，依此原則即可平衡化學反應方程式。,,
Vc,10,CJa-Vc-3,莫耳與簡單的化學計量。,,
Va,11;12,CJb-Va-1,莫耳分率的表示法。,,
Va,11;12,CJb-Va-2,溫度與壓力對氣體溶解度的影響。,,
Va,11;12,CJb-Va-3,離子之沉澱、分離及確認。,,
Va,11;12,CJb-Va-4,拉午耳定律與理想溶液。,,
Va,11;12,CJb-Va-5,依數性質：非揮發性物質溶於水，使得蒸氣壓下降、沸點上升、凝固點下降及滲透壓增加。,,
Vc,10,CJb-Vc-1,溶液的種類與特性。,,
Vc,10,CJb-Vc-2,定量說明物質在水中溶解的程度會受到水溫的影響。,,
Vc,10,CJb-Vc-3,體積莫耳濃度的表示法。,,
Va,11;12,CJc-Va-1,常見氧化劑與還原劑的半反應式。,,
Va,11;12,CJc-Va-2,氧化數的規則與應用。,,
Va,11;12,CJc-Va-3,氧化還原反應與均衡。,,
Va,11;12,CJc-Va-4,氧化還原滴定原理與定量分析。,,
Va,11;12,CJc-Va-5,電化電池的原理。,,
Va,11;12,CJc-Va-6,標準還原電位與電化電池的電動勢。,,
Va,11;12,CJc-Va-7,常見電池的原理與設計。,,
Va,11;12,CJc-Va-8,電解與電鍍的原理。,,
Vc,10,CJc-Vc-1,氧化還原的廣義定義為：物質失去電子稱為氧化反應；得到電子稱為還原反應。,,
Vc,10,CJc-Vc-2,氧化劑與還原劑的定義及常見氧化劑與還原劑。,,
Va,11;12,CJd-Va-1,酸與鹼的命名。,,
Va,11;12,CJd-Va-2,布-洛酸鹼學說。,,
Va,11;12,CJd-Va-3,定溫下，[H＋]和[OH－]的乘積為一定值，稱為離子積常數。,,
Va,11;12,CJd-Va-4,弱酸或弱鹼的游離常數：酸鹼的Ka、Kb。,,
Va,11;12,CJd-Va-5,酸鹼指示劑的原理與應用。,,
Va,11;12,CJd-Va-6,酸鹼滴定原理與定量分析。,,
Va,11;12,CJd-Va-7,鹽的種類與性質。,,
Va,11;12,CJd-Va-8,同離子效應與緩衝溶液的定義、製備及功用。,,
Vc,10,CJd-Vc-1,水可自解離產生H＋與OH－。,,
Vc,10,CJd-Vc-2,根據阿瑞尼斯的酸鹼學說，物質溶於水中，可解離出H＋為酸；可解離出OH-為鹼。,,
Vc,10,CJd-Vc-3,pH＝－log[H＋]，此數值可代表水溶液的酸鹼程度。,,
Vc,10,CJd-Vc-4,在水溶液中可幾乎100%解離的酸或鹼，稱為強酸或強鹼；反之則稱為弱酸或弱鹼。,,
Va,11;12,CJe-Va-1,反應速率定律式。,,
Va,11;12,CJe-Va-2,反應能量圖。,,
Va,11;12,CJe-Va-3,碰撞學說解釋影響反應速率的因素。,,
Va,11;12,CJe-Va-4,催化劑與酵素的性質及其應用。,,
Va,11;12,CJe-Va-5,定溫時，水的游離速率會等於結合速率，稱為游離平衡。,,
Va,11;12,CJe-Va-6,勒沙特列原理。,,
Va,11;12,CJe-Va-7,平衡常數的定義與計算。,,
Va,11;12,CJe-Va-8,溶解度平衡與溶度積的關係。,,
Vc,10,CJe-Vc-1,定溫時，飽和溶液的溶質溶解度為定值，其溶質溶解與結晶達到平衡。,,
Vc,10,CJe-Vc-2,物質的接觸面積大小對反應速率之影響。,,
Va,11;12,CJf-Va-1,有機化合物組成。,,
Va,11;12,CJf-Va-2,有機化合物的命名、結構及官能基的檢驗與其用途—烴、鹵化烴、醇、酚、醚、酮、醛、有機酸、酯、胺及醯胺。,,
Va,11;12,CJf-Va-3,常見有機化合物的重要反應。,,
Va,11;12,CJf-Va-4,常見聚合物的一般性質與分類。,,
Va,11;12,CJf-Va-5,常見聚合物的結構及製備。,,
Vc,10,CJf-Vc-1,醣類、蛋白質、油脂及核酸的性質與功能。,,
Vc,10,CJf-Vc-2,常見的界面活性劑包括肥皂與清潔劑，其組成包含親油性的一端和親水性的一端。,,
Vc,10,CJf-Vc-3,界面活性劑的性質與應用。,,
Va,11;12,CMa-Va-1,從化學的主要發展方向和產業成果，建立綠色化學與永續發展的概念，並積極參與科學知識的傳播，促進化學知識進入個人和社會生活。,,
Va,11;12,CMa-Va-2,化學化工技術與社會、法律及倫理相關議題。,,
Vc,10,CMa-Vc-1,化學製造流程對日常生活、社會、經濟、環境及生態的影響。,,
Va,11;12,CMb-Va-1,化學發展史上的重要事件、相關理論發展及科學家的研究事蹟。,,
Va,11;12,CMb-Va-2,化學微觀概念的形成與發展。,,
Va,11;12,CMb-Va-3,科學模型的特性與演變。,,
Vc,10,CMb-Vc-1,近代化學科學的發展，以及不同性別、背景、族群者於其中的貢獻。,,
Vc,10,CMb-Vc-2,未來科學的發展。,,
Va,11;12,CMc-Va-1,氫氣的性質、製取及用途。,,
Va,11;12,CMc-Va-2,常見金屬及重要的化合物之製備、性質及用途。,,
Va,11;12,CMc-Va-3,常見合金之性質與用途。,,
Va,11;12,CMc-Va-4,常見非金屬與重要的化合物之製備、性質及用途。,,
Va,11;12,CMc-Va-5,生活中常見之合成纖維、合成塑膠及合成橡膠之性質與應用。,,
Va,11;12,CMc-Va-6,先進材料。,,
Va,11;12,CMc-Va-7,奈米尺度。,,
Vc,10,CMc-Vc-1,水的處理過程。,,
Vc,10,CMc-Vc-2,生活中常見的藥品。,,
Vc,10,CMc-Vc-3,化學在先進科技發展的應用。,,
Va,11;12,CMe-Va-1,水汙染之檢測方法。,,
Va,11;12,CMe-Va-2,大氣汙染物之檢測方法。,,
Vc,10,CMe-Vc-1,酸雨的成因、影響及防治方法。,,
Vc,10,CMe-Vc-2,全球暖化的成因、影響及因應方法。,,
Vc,10,CMe-Vc-3,臭氧層破洞的成因、影響及防治方法。,,
Vc,10,CMe-Vc-4,工業廢水的影響與再利用。,,
Va,11;12,CNa-Va-1,永續發展理念之應用。,,
Va,11;12,CNa-Va-2,資源保育的有效方法。,,
Va,11;12,CNa-Va-3,廢棄物的創新利用與再製作。,,
Va,11;12,CNa-Va-4,氮循環。,,
Vc,10,CNa-Vc-1,永續發展在於滿足當代人之需求，又不危及下一代之發展。,,
Vc,10,CNa-Vc-2,將永續發展的理念應用於生活中。,,
Vc,10,CNa-Vc-3,水資源回收與再利用。,,
Vc,10,CNa-Vc-4,水循環與碳循環。,,
Va,11;12,CNc-Va-1,新興能源與替代能源在臺灣發展之可能性與限制。,,
Vc,10,CNc-Vc-1,新興能源與替代能源在臺灣的發展現況。,,
Va,11;12,EEd-Va-1,恆星光譜可用以了解恆星的大氣組成與物理性質。,,
Va,11;12,EEd-Va-2,地面天文觀測的主要工具是光學望遠鏡與電波望遠鏡。,,
Va,11;12,EEd-Va-3,地面天文觀測會受到諸多地表環境條件的限制。,,
Va,11;12,EEd-Va-4,地球上看到的星空係不同時空的疊合，距離愈遠即愈古老。,,
Va,11;12,EEd-Va-5,星色-星等的關係圖有助於認識恆星的類型與演化。,,
Va,11;12,EEd-Va-6,測量天體的距離有助於了解宇宙的大尺度結構。,,
Vc,10,EEd-Vc-1,我們的宇宙由各種不同尺度的天體所組成，且正在膨脹。,,
Vc,10,EEd-Vc-2,天體的亮度與光度用視星等與絕對星等來表示。,,
Vc,10,EEd-Vc-3,天文觀測可在不同的電磁波段進行。,,
Vc,10,EEd-Vc-4,恆星的顏色可用來了解恆星的表面溫度。,,
Va,11;12,EFa-Va-1,火成岩形成時岩漿的成分與冷卻速度會影響外觀。,,
Va,11;12,EFa-Va-2,不同沉積環境會影響沉積岩組成與顆粒的大小。,,
Va,11;12,EFa-Va-3,變質岩的形成受原來母岩與變質程度的影響，具有不同的外觀形態。,,
Va,11;12,EFa-Va-4,礦物具有一定的化學成分與物理性質。,,
Va,11;12,EFa-Va-5,礦物種類繁多，但一般岩石中常見的造岩礦物種類有限。,,
Va,11;12,EFa-Va-6,主要建材多來自於岩石與其產物。,,
Va,11;12,EFa-Va-7,經由地殼鑽探、不同地球物理探勘方法，可以幫助了解固體地球的結構與成分。,,
Vc,10,EFa-Vc-1,由地震波可以協助了解固體地球具有不同性質的分層。,,
Vc,10,EFa-Vc-2,固體地球各分層之化學組成與物理狀態不同。,,
Vc,10,EFa-Vc-3,大氣溫度與壓力會隨高度而變化。,,
Vc,10,EFa-Vc-4,海洋表水鹽度主要受降水、蒸發及河川注入等因素影響。,,
Vc,10,EFa-Vc-5,海水的溫度隨深度和水平分布而變化。,,
Va,11;12,EFb-Va-1,歷經地心說、日心說等學說的演進，天文學家現今已了解地球在太空中的運行規律。,,
Va,11;12,EFb-Va-2,曆法主要是根據天體運動的規律而制定。,,
Vc,10,EFb-Vc-1,由地球觀察恆星的視運動可以分成周日運動與周年運動。,,
Va,11;12,EHa-Va-1,人類對地球起源與演變的想法隨文明發展而改變，近代逐漸釐清出大致的輪廓。,,
Va,11;12,EHa-Va-2,高溫熔融態的原始地球，經過分化分層，形成具層狀結構之固體地球，逐漸冷卻，在釋氣過程中，大氣與海洋隨之演化。,,
Va,11;12,EHa-Va-3,人類透過各種科學方法，了解地球的大小與形狀。,,
Vc,10,EHa-Vc-1,天文學家以太陽星雲學說來解釋太陽系的起源和形 成。太陽系是由太陽、行星、衛星、小行星和彗星等天體組成。,,
Vc,10,EHa-Vc-2,與其他類地行星及太陽系小天體相較，地球獨一無二的環境，極為適合生命的發生和繁衍。,,
Vc,10,EHa-Vc-3,在地球大氣演化過程中，海洋與生物扮演著極其重要的角色。,,
Va,11;12,EHb-Va-1,地層中的標準化石，指相化石與地質構造，可輔助了解地層的沉積環境與年代。,,
Va,11;12,EHb-Va-2,研究地球歷史的不同方法有不同限制與精確度，地球歷史需要綜合多方面的證據才能提出適當的推論。,,
Vc,10,EHb-Vc-1,化石可以作為地層的相對地質年代對比的輔助工具。,,
Vc,10,EHb-Vc-2,利用岩層中的化石與放射性同位素定年法，可幫助推論地層的絕對地質年代。,,
Va,11;12,EIa-Va-1,由浮力平衡的原理可推知，地殼會有垂直方向的升降調整，且有觀測證據支持。,,
Va,11;12,EIa-Va-2,斷層、褶皺、節理為岩層歷經地殼變動受力後的表徵。,,
Va,11;12,EIa-Va-3,透過野外觀察記錄及分析，建立地質圖等資料，可以幫助了解當地岩層的分布與構造。,,
Va,11;12,EIa-Va-4,透過野外地質觀測及儀器偵測到的地球物理資料，可以幫助建立臺灣的地體構造模型。,,
Va,11;12,EIa-Va-5,透過儀器對地殼變動的監測，可幫助了解板塊相互運動的狀態。,,
Va,11;12,EIa-Va-6,遙測工具對於地表與地殼的變動提供了更全面的觀測。,,
Va,11;12,EIa-Va-7,各種不同工具可幫助了解海底地形與陸地地形在形態及規模的不同。,,
Vc,10,EIa-Vc-1,科學家曾經提出大陸漂移、海底擴張及板塊構造等主要學說，來解釋變動中的固體地球。,,
Vc,10,EIa-Vc-2,板塊邊界可分為聚合、張裂及錯動三大類型。,,
Vc,10,EIa-Vc-3,板塊邊界有各種不同的地質作用與岩漿活動。,,
Vc,10,EIa-Vc-4,由地質構造與震源分布等特徵，可推論臺灣位於聚合型板塊邊界。,,
Va,11;12,EIb-Va-1,水在水圈及大氣圈之中的三態變化與能量的轉換傳遞，對天氣與氣候變化有很大的影響。,,
Va,11;12,EIb-Va-2,大氣垂直溫度的差異會造成大氣的不穩定而引發垂直運動。,,
Va,11;12,EIb-Va-3,大氣垂直運動的形態決定了雲與降水的形態。,,
Va,11;12,EIb-Va-4,各種尺度的海陸差異與地形變化對天氣都有影響。,,
Va,11;12,EIb-Va-5,氣象預報與生活習習相關，有些行業非常需要氣象預報提供的訊息。,,
Va,11;12,EIb-Va-6,透過地面觀測與高空觀測、衛星及雷達遙測可以獲得氣象資料。,,
Va,11;12,EIb-Va-7,透過觀測的氣溫、降水量、風向、風速、相對濕度等和衛星雲圖等紀錄，可以分析天氣系統的變化過程，並提出適當的解釋。,,
Vc,10,EIb-Vc-1,一定氣壓下，氣溫越高，空氣所能容納的水氣含量越高。,,
Vc,10,EIb-Vc-2,當水氣達到飽和時，多餘的水氣會凝結或凝固。,,
Vc,10,EIb-Vc-3,空氣中的水氣量可以用濕度來表示。,,
Vc,10,EIb-Vc-4,空氣上升時會因為膨脹而降溫。,,
Vc,10,EIb-Vc-5,大氣的水平運動主要受氣壓梯度力、科氏力和摩擦力的影響。,,
Vc,10,EIb-Vc-6,天氣圖是由各地氣象觀測資料繪製而成，用以分析天氣。,,
Vc,10,EIb-Vc-7,大氣與海洋的交互作用會影響天氣，造成氣候變化，例如：聖嬰現象。,,
Va,11;12,EIc-Va-1,溫鹽環流是海洋下層水的流動，由海水的密度差異所驅動，具有傳送能量與調節氣候的重要功能。,,
Va,11;12,EIc-Va-2,臺灣附近的海流會影響臺灣四季的氣候。,,
Va,11;12,EIc-Va-3,透過觀測資料可以判斷潮汐的不同形態。,,
Va,11;12,EIc-Va-4,湧升流能將下層富營養鹽的海水往表層輸送，可以提高該海域的基礎生產力。,,
Va,11;12,EIc-Va-5,透過海洋的探測與遙測，有助於了解海水運動與水文性質的變化。,,
Vc,10,EIc-Vc-1,表面海流受盛行風的影響。,,
Vc,10,EIc-Vc-2,波浪形成的主因為風吹海面，而波浪會影響海岸地形。,,
Vc,10,EIc-Vc-3,潮汐的變化受到日地月系統的影響有週期性。,,
Vc,10,EIc-Vc-4,臺灣海峽的潮流運動隨地點不同而有所差異。,,
Va,11;12,EId-Va-1,不同緯度的晝夜長短會隨季節變化。,,
Va,11;12,EId-Va-2,二十四節氣依太陽在天球上的位置而訂定。,,
Vc,10,EId-Vc-1,太陽每日於天空中的位置會隨季節而改變。,,
Va,11;12,EMd-Va-1,山崩、土石流、地質環境及氣象狀況有密切關連。,,
Va,11;12,EMd-Va-2,水土保持具有防災與減災的功能。,,
Va,11;12,EMd-Va-3,可利用野外測勘、遙測及鑽井等技術確認地質敏感區。,,
Vc,10,EMd-Vc-1,颱風形成有其必要條件與機制。,,
Vc,10,EMd-Vc-2,颱風是一個螺旋雲帶結構，中心氣壓最低。,,
Vc,10,EMd-Vc-3,侵臺颱風的路徑主要受太平洋高壓所引導，不同路徑對臺灣各地的風雨影響不同。,,
Vc,10,EMd-Vc-4,臺灣位在活躍的板塊交界，斷層活動引發的地震及所導致的災害常造成巨大的損失。,,
Va,11;12,ENa-Va-1,全球水資源的分布不均，取用亦有限制，是人類面臨的重大課題，臺灣尤其需要面對。,,
Va,11;12,ENa-Va-2,水資源的永續經營與利用，除節約用水之外，維護自然生態環境，作好水土保持，才是更積極的做法。,,
Va,11;12,ENa-Va-3,化石燃料是目前用途最廣且最重要的能源，但地球蘊藏量有限，且有破壞全球碳循環平衡的問題。,,
Va,11;12,ENa-Va-4,新興能源的開發，有機會解決當代能源問題。,,
Va,11;12,ENa-Va-5,面對永續發展的問題，可以用社會、經濟及環境等三個面向來共同討論與均衡發展。,,
Vc,10,ENa-Vc-1,永續發展對地球與人類的延續有其重要性。,,
Vc,10,ENa-Vc-2,節用資源與合理開發，可以降低人類對地球環境的影響，以利永續發展。,,
Vc,10,ENa-Vc-3,認識地球環境有助於經濟、生態、文化及政策四個面向的永續發展。,,
Va,11;12,ENb-Va-1,各種不同的氣候變遷模式的研究，說明單純自然因素和加入人為因素之後的推估。,,
Va,11;12,ENb-Va-2,氣候變遷的推估與未來衝擊充滿了不確定性。,,
Va,11;12,ENb-Va-3,全球各地所發生的氣候變遷在程度與類型上是不一樣的。,,
Va,11;12,ENb-Va-4,人類對地球環境變遷的因應與調適有可能避免災害發生。,,
Vc,10,ENb-Vc-1,氣候變化有多重時間尺度的特性。,,
Vc,10,ENb-Vc-2,冰期與間冰期的氣溫變化及海平面的升降，對全球生物與自然環境會造成影響。,,
Vc,10,ENb-Vc-3,過去主導地球長期的自然氣候變化的原理並無法完全用來解釋近幾十年來快速的氣候變遷情形。根據目前科學證據了解人類活動是主要因素。,,
Vc,10,ENb-Vc-4,因應氣候變遷的調適有許多面向與方法。,,