學習階段,年級,編碼,說明
第二學習階段,3;4,ti-II-1,能在指導下觀察日常生活現象的規律性，並運用想像力與好奇心，了解及描述自然環境的現象。
第二學習階段,3;4,tr-II-1,能知道觀察、記錄所得自然現象的的結果是有其原因的，並依據習得的知識，說明自己的想法。
第二學習階段,3;4,tc-II-1,能簡單分辨或分類所觀察到的自然科學現象。
第二學習階段,3;4,tm-II-1,能經由觀察自然界現象之間的關係，理解簡單的概念模型，進而與其生活經驗連結。
第二學習階段,3;4,po-II-1,能從日常經驗、學習活動、自然環境，進行觀察，進而能察覺問題。
第二學習階段,3;4,po -II-2,能依據觀察、蒐集資料、閱讀、思考、討論等，提出問題。
第二學習階段,3;4,pe-II-1,能了解一個因素改變可能造成的影響，進而預測活動的大致結果。在教師或教科書的指導或說明下，能了解探究的計畫。
第二學習階段,3;4,pe-II-2,能正確安全操作適合學習階段的物品、器材儀器、科技設備及資源，並能觀察和記錄。
第二學習階段,3;4,pa-II-1,能運用簡單分類、製作圖表等方法，整理已有的資訊或數據。
第二學習階段,3;4,pa-II-2,能從得到的資訊或數據，形成解釋、得到解答、解決問題。並能將自己的探究結果和他人的結果（例如：來自老師）相比較，檢查是否相近。
第二學習階段,3;4,pc-II-1,能專注聆聽同學報告，提出疑問或意見。並能對探究方法、過程或結果，進行檢討。
第二學習階段,3;4,pc-II-2,能利用簡單形式的口語、文字或圖畫等，表達探究之過程、發現。
第二學習階段,3;4,ai-II-1,保持對自然現象的好奇心，透過不斷的探尋和提問，常會有新發現。
第二學習階段,3;4,ai-II-2,透過探討自然與物質世界的規律性，感受發現的樂趣。
第二學習階段,3;4,ai-II-3,透過動手實作，享受以成品來表現自己構想的樂趣。
第二學習階段,3;4,ah-II-1,透過各種感官了解生活週遭事物的屬性。
第二學習階段,3;4,ah-II-2,透過有系統的分類與表達方式，與他人溝通自己的想法與發現。
第二學習階段,3;4,an-II-1,體會科學的探索都是由問題開始。
第二學習階段,3;4,an-II-2,察覺科學家們是利用不同的方式探索自然與物質世界的形式與規律。
第二學習階段,3;4,an-II-3,發覺創造和想像是科學的重要元素。
第三學習階段,5;6,ti-III-1,能運用好奇心察覺日常生活現象的規律性會因為某些改變而產生差異，並能依據已知的科學知識科學方法想像可能發生的事情，以察覺不同的方法，也常能做出不同的成品。
第三學習階段,5;6,tr-III-1,能將自己及他人所觀察、記錄的自然現象與習得的知識互相連結，察覺彼此間的關係，並提出自己的想法及知道與他人的差異。
第三學習階段,5;6,tc-III-1,能就所蒐集的數據或資料，進行簡單的記錄與分類，並依據習得的知識，思考資料的正確性及辨別他人資訊與事實的差異。
第三學習階段,5;6,tm-III-1,能經由提問、觀察及實驗等歷程，探索自然界現象之間的關係，建立簡單的概念模型，並理解到有不同模型的存在。
第三學習階段,5;6,po-III-1,能從學習活動、日常經驗及科技運用、自然環境、書刊及網路媒體等察覺問題。
第三學習階段,5;6,po -III-2,能初步辨別適合科學探究的問題，並能依據觀察、蒐集資料、閱讀、思考、討論等，提出適宜探究之問題。
第三學習階段,5;6,pe-III-1,能了解自變項、應變項並預測改變時可能的影響和進行適當次數測試的意義。在教師或教科書的指導或說明下，能了解探究的計畫，並進而能根據問題的特性、資源（設備等）的有無等因素，規劃簡單的探究活動。
第三學習階段,5;6,pe-III-2,能正確安全操作適合學習階段的物品、器材儀器、科技設備及資源。能進行客觀的質性觀察或數值量測並詳實記錄。
第三學習階段,5;6,pa-III-1,能分析比較、製作圖表、運用簡單數學等方法，整理已有的資訊或數據。
第三學習階段,5;6,pa-III-2,能從（所得的）資訊或數據，形成解釋、發現新知、獲知因果關係、解決問題或是發現新的問題。並能將自己的探究結果和他人的結果（例如：來自同學）比較對照，檢查相近探究是否有相近的結果。
第三學習階段,5;6,pc-III-1,能理解同學報告，提出合理的疑問或意見。並能對「所訂定的問題」、「探究方法」、「獲得之證據」及「探究之發現」等之間的符應情形，進行檢核並提出優點和弱點。
第三學習階段,5;6,pc-III-2,能利用簡單形式的口語、文字、影像（例如：攝影、錄影）、繪圖或實物、科學名詞、數學公式、模型等，表達探究之過程、發現或成果。
第三學習階段,5;6,ai-III-1,透過科學探索了解現象發生的原因或機制，滿足好奇心。
第三學習階段,5;6,ai-III-2,透過成功的科學探索經驗，感受自然科學學習的樂趣。
第三學習階段,5;6,ai-III-3,參與合作學習並與同儕有良好的互動經驗，享受學習科學的樂趣。
第三學習階段,5;6,ah-III-1,利用科學知識理解日常生活觀察到的現象。
第三學習階段,5;6,ah-III-2,透過科學探究活動解決一部分生活週遭的問題。
第三學習階段,5;6,an-III-1,透過科學探究活動，了解科學知識的基礎是來自於真實的經驗和證據。
第三學習階段,5;6,an-III-2,發覺許多科學的主張與結論，會隨著新證據的出現而改變。
第三學習階段,5;6,an-III-3,體認不同性別、族群等文化背景的人，都可成為科學家。
第四學習階段,7;8;9,ti-IV-1,能依據已知的自然科學知識概念，經由自我或團體探索與討論的過程，想像當使用的觀察方法或實驗方法改變時，其結果可能產生的差異；並能嘗試在指導下以創新思考和方法得到新的模型、成品或結果。
第四學習階段,7;8;9,tr-IV-1,能將所習得的知識正確的連結到所觀察到的自然現象及實驗數據，並推論出其中的關聯，進而運用習得的知識來解釋自己論點的正確性。
第四學習階段,7;8;9,tc-IV-1,能依據已知的自然科學知識與概念，對自己蒐集與分類的科學數據，抱持合理的懷疑態度，並對他人的資訊或報告，提出自己的看法或解釋。
第四學習階段,7;8;9,tm-IV-1,能從實驗過程、合作討論中理解較複雜的自然界模型，並能評估不同模型的優點和限制，進能應用在後續的科學理解或生活。
第四學習階段,7;8;9,po-IV-1,能從學習活動、日常經驗及科技運用、自然環境、書刊及網路媒體中，進行各種有計畫的觀察，進而能察覺問題。
第四學習階段,7;8;9,po-IV-2,能辨別適合科學探究或適合以科學方式尋求解決的問題（或假說），並能依據觀察、蒐集資料、閱讀、思考、討論等，提出適宜探究之問題。
第四學習階段,7;8;9,pe-IV-1,能辨明多個自變項、應變項並計劃適當次數的測試、預測活動的可能結果。在教師或教科書的指導或說明下，能了解探究的計畫，並進而能根據問題特性、資源（例如：設備、時間）等因素，規劃具有可信度（例如：多次測量等）的探究活動。
第四學習階段,7;8;9,pe-IV-2,能正確安全操作適合學習階段的物品、器材儀器、科技設備及資源。能進行客觀的質性觀察或數值量測並詳實記錄。
第四學習階段,7;8;9,pa-IV-1,能分析歸納、製作圖表、使用資訊及數學等方法，整理資訊或數據。
第四學習階段,7;8;9,pa-IV-2,能運用科學原理、思考智能、數學等方法，從（所得的）資訊或數據，形成解釋、發現新知、獲知因果關係、解決問題或是發現新的問題。並能將自己的探究結果和同學的結果或其他相關的資訊比較對照，相互檢核，確認結果。
第四學習階段,7;8;9,pc-IV-1,能理解同學的探究過程和結果（或經簡化過的科學報告），提出合理而且具有根據的疑問或意見。並能對問題、探究方法、證據及發現，彼此間的符應情形，進行檢核並提出可能的改善方案。
第四學習階段,7;8;9,pc-IV-2,能利用口語、影像（例如：攝影、錄影）、文字與圖案、繪圖或實物、科學名詞、數學公式、模型或經教師認可後以報告或新媒體形式表達完整之探究過程、發現與成果、價值、限制和主張等。視需要，並能摘要描述主要過程、發現和可能的運用。
第四學習階段,7;8;9,ai-IV-1,動手實作解決問題或驗證自己想法，而獲得成就感。
第四學習階段,7;8;9,ai-IV-2,透過與同儕的討論，分享科學發現的樂趣。
第四學習階段,7;8;9,ai-IV-3,透過所學到的科學知識和科學探索的各種方法，解釋自然現象發生的原因，建立科學學習的自信心。
第四學習階段,7;8;9,ah-IV-1,對於有關科學發現的報導，甚至權威的解釋（例如：報章雜誌的報導或書本上的解釋），能抱持懷疑的態度，評估其推論的證據是否充分且可信賴。
第四學習階段,7;8;9,ah-IV-2,應用所學到的科學知識與科學探究方法，幫助自己做出最佳的決定。
第四學習階段,7;8;9,an-IV-1,察覺到科學的觀察、測量和方法是否具有正當性，是受到社會共同建構的標準所規範。
第四學習階段,7;8;9,an-IV-2,分辨科學知識的確定性和持久性，會因科學研究的時空背景不同而有所變化。
第四學習階段,7;8;9,an-IV-3,體察到不同性別、背景、族群科學家們具有堅毅、嚴謹和講求邏輯的特質，也具有好奇心、求知慾和想像力。
第五學習階段,11;12,pa-Va-1,能流暢運用思考智能、製作圖表、使用資訊及數學等方法，以有效整理資訊或數據。
第五學習階段,11;12,pa-Va-2,能運用科學原理、思考智能、數學、統計等方法，從所得的資訊或數據，形成解釋、發現新知、獲知因果關係、理解科學問題、解決問題或是發現新的問題。並能將自己的結果和同學的結果或其他相關的資訊比較對照，相互檢核，確認結果；如果結果不同，能進一步探究原因。
第五學習階段,10,pa-Vc-1,能合理運用思考智能、製作圖表、使用資訊及數學等方法，有效整理資訊或數據。
第五學習階段,10,pa-Vc-2,能運用科學原理、思考智能、數學、統計等方法，從探究所得的資訊或數據，形成解釋、理解、發現新知、獲知因果關係、理解科學相關的社會議題、解決問題或是發現新的問題。並能將自己的探究結果和同學的結果或其他相關的資訊比較對照，相互檢核，確認結果。
第五學習階段,11;12,pc-Va-1,能理解同學的探究過程和結果（或經簡化過的科學報告），提出合理而且較完整的疑問或意見。並能對整個探究過程中：包括，觀察定題、推理實作、數據信效度、資源運用、活動安全、探究結果等，進行反思、形成評價與改善方案，作為未來改進與提升能力的基礎。
第五學習階段,11;12,pc-Va-2,能利用口語、影像（例如：攝影、錄影）、文字與圖案、繪圖或實物、科學名詞、數學公式、模型等，表達探究之過程、發現或成果，並選擇合適的發表方式和途徑。視需要，並能摘要描述目的、特徵、方法、發現、價值、限制、運用及展望等。
第五學習階段,10,pc-Vc-1,能理解同學的探究過程和結果（或經簡化過的科學報告），提出合理而且較完整的疑問或意見。並能對整個探究過程：包括，觀察定題、推理實作、數據信效度、資源運用、活動安全、探究結果等，進行評核、形成評價並提出合理的改善方案。
第五學習階段,10,pc-Vc-2,能利用口語、影像（例如：攝影、錄影）、文字與圖案、繪圖或實物、科學名詞、數學公式、模型等，呈現探究之過程、發現或成果；並在保有個資安全與不損及公眾利益下，嘗試以報告或新媒體形式，自主並較廣面性的分享相對嚴謹之探究發現、成果、結論或主張。視需要，並能摘要描述目的、特徵、方法、發現、價值、限制、運用及展望等。
第五學習階段,11;12,pe-Va-1,能辨明多個自變項或應變項並計劃適當次數的測試、嚴謹地預測活動的可能結果和可能失敗的原因。在有限的指導下，能依據指導或展現創意，依據問題特性、學習資源（設備、時間、人力等）、預期成果（包括信效度）、對社會環境的影響等因素，有效率地規劃最佳化的實作（或推理）探究活動或問題解決活動。
第五學習階段,11;12,pe-Va-2,能正確安全操作適合學習階段的物品、器材儀器、科技設備及資源。能進行精確、高效率之的質性觀察或數值量測，視需要能運用科技儀器輔助記錄。
第五學習階段,10,pe-Vc-1,能辨明多個自變項或應變項並計劃適當次數的測試、合理地預測活動的可能結果和可能失敗的原因。藉由教師或教科書的指引或展現創意，能根據問題特性、學習資源（設備、時間、人力等）、期望之成果（包括信效度）、對社會環境的影響等因素，規劃最佳化的實作（或推理）探究活動或問題解決活動。
第五學習階段,10,pe-Vc-2,能正確安全操作適合學習階段的物品、器材儀器、科技設備及資源，能適度創新改善執行方式。能進行精確的質性觀察或數值量測，視需要能運用科技儀器輔助記錄。
第五學習階段,11;12,po-Va-1,能從學習活動、日常經驗及科技運用、自然環境、書刊及網路媒體中，進行各種有計畫、有條理、有效率的觀察，進而能察覺問題。
第五學習階段,11;12,po-Va-2,能依據觀察、蒐集資料、閱讀、思考、討論等，確認並提出與生活周遭或學術探索相關，而適合科學探究或適合以科學方式尋求解決的關鍵問題（或假說）。當有多個問題同時存在時，能分辨並擇定優先重要之問題（或假說）。
第五學習階段,10,po-Vc-1,能從日常經驗、科技運用、社會中的科學相關議題、學習活動、自然環境、書刊及網路媒體中，汲取資訊並進行有計畫、有條理的多方觀察，進而能察覺問題。
第五學習階段,10,po-Vc-2,能依據觀察、蒐集資料、閱讀、思考、討論等，確認並提出生活周遭中適合科學探究或適合以科學方式尋求解決的問題（或假說）。當有多個問題同時存在時，能分辨並擇定優先重要之問題（或假說）。
第五學習階段,11;12,tc-Va-1,能比較科學事實在不同論點、證據或事實解釋的合理性，並透過探索證據、挑戰思想、回應多元觀點的過程，進行批判論點或判斷科學證據的正確性。
第五學習階段,10,tc-Vc-1,能比較與判斷自己及他人對於科學資料的解釋在方法及程序上的合理性，並能提出問題或意見。
第五學習階段,11;12,ti-Va-1,能獨立察覺各種自然科學問題的成因，並能依不同情況發想各種假設及可行的解決方法，進而以個人或團體方式設計不同的實驗步驟，或創造新的實驗方法。
第五學習階段,10,ti-Vc-1,能主動察覺生活中各種自然科學問題的成因，並能根據已知的科學知識提出解決問題的各種假設想法，進而以個人或團體方式設計創新的科學探索方式並得到成果。
第五學習階段,11;12,tm-Va-1,能依據科學問題自行運思或經由合作討論來建立模型，並使用例如：「比擬或抽象」的形式來描述一個系統化的科學現象。進而能分析各種模型的特性，且了解模型可隨著對科學事物複雜關係的認知增加來修正。
第五學習階段,10,tm-Vc-1,能依據科學問題自行運思或經由合作討論來建立模型，並能使用例如：「比擬或抽象」的形式來描述一個系統化的科學現象，進而了解模型有其局限性。
第五學習階段,11;12,tr-Va-1,能運用一系列的科學證據或理論，以及類比、轉換等演繹推理方式，理解並推導自然現象的因果關係，或修正、說明自己提出的論點。
第五學習階段,10,tr-Vc-1,能運用簡單的數理演算公式及單一的科學證據或理論，理解自然科學知識或理論及其因果關係，或提出他人論點的限制，進而提出不同的論點。
第五學習階段,11;12,ah-Va-1,了解科學工作者經常遵循某些特定的標準（例如：可推廣性、簡約性等）判斷探究活動的可行性。
第五學習階段,11;12,ah-Va-2,運用科學的思考模式，例如：邏輯思考、精確性、客觀性等標準，判斷日常生活中科學資訊的可信度。
第五學習階段,10,ah-Vc-1,了解科學知識是人們理解現象的一種解釋，但不是唯一的解釋。
第五學習階段,10,ah-Vc-2,對日常生活中所獲得的科學資訊抱持批判的態度，審慎檢視其真實性與可信度。
第五學習階段,11;12,ai-Va-1,了解科學能力是多元的，擁有熱誠是從事與科學或科技有關的工作最重要的條件。
第五學習階段,11;12,ai-Va-2,透過了解科學理論的簡約、科學思考的嚴謹與複雜自然現象背後的規律，學會欣賞科學的美。
第五學習階段,10,ai-Vc-1,透過成功的問題解決經驗，獲得成就感。
第五學習階段,10,ai-Vc-2,透過科學探索與科學思考對生活週遭的事物產生新的體驗及興趣。
第五學習階段,10,ai-Vc-3,體會生活中處處都會運用到科學，而能欣賞科學的重要性。
第五學習階段,11;12,an-Va-1,了解從事科學工作者具有一些共同的特質，例如：邏輯思考、精確性、心智開放、客觀性、保持懷疑、研究結果的可重覆性、誠實並符合倫理地發表研究成果等。
第五學習階段,11;12,an-Va-2,察覺到相同的自然現象，可用多個理論解釋；當現有的證據同樣都支持著這些理論，人們傾向採用較簡約的理論。
第五學習階段,11;12,an-Va-3,了解科學知識發展的歷史是與社會、文化、政治、經濟緊密相關。
第五學習階段,10,an-Vc-1,了解科學探究過程採用多種方法、工具和技術，經由不同面向的證據支持特定的解釋，以增強科學論點的有效性。
第五學習階段,10,an-Vc-2,了解科學的認知方式講求經驗證據性、合乎邏輯性、存疑和反覆檢視。
第五學習階段,10,an-Vc-3,體認科學能幫助人類創造更好的生活條件，但並不能解決人類社會所有的問題，科技發展有時也會引起環境或倫理道德的議題。