項目,子項,第五學習階段學習表現(必修),第五學習階段學習表現代碼(必修),第五學習階段學習表現（加深加廣選修）,第五學習階段學習表現代碼（加深加廣選修）
"探究能力
-思考智能（t）",想像創造（i）,能主動察覺生活中各種自然科學問題的成因，並能根據已知的科學知識提出解決問題的各種假設想法，進而以個人或團體方式設計創新的科學探索方式並得到成果。,ti-Ⅴc-1,能獨立察覺各種自然科學問題的成因，並能依不同情況發想各種假設及可行的解決方法，進而以個人或團體方式設計不同的實驗步驟，或創造新的實驗方法。,ti-Ⅴa-1
"探究能力
-思考智能（t）",推理論證（r）,能運用簡單的數理演算公式及單一的科學證據或理論，理解自然科學知識或理論及其因果關係，或提出他人論點的限制，進而提出不同的論點。,tr-Ⅴc-1,能運用一系列的科學證據或理論，以及類比、轉換等演繹推理方式，理解並推導自然現象的因果關係，或修正、說明自己提出的論點。,tr-Ⅴa-1
"探究能力
-思考智能（t）",批判思辨（c）,能比較與判斷自己及他人對於科學資料的解釋在方法及程序上的合理性，並能提出問題或意見。,tc-Ⅴc-1,能比較科學事實在不同論點、證據或事實解釋的合理性，並透過探索證據、挑戰思想、回應多元觀點的過程，進行批判論點或判斷科學證據的正確性。,tc-Ⅴa-1
"探究能力
-思考智能（t）",建立模型（m）,能依據科學問題自行運思或經由合作討論來建立模型，並能使用例如：「比擬或抽象」的形式來描述一個系統化的科學現象，進而了解模型有其局限性。,tm-Ⅴc-1,能依據科學問題自行運思或經由合作討論來建立模型，並使用例如：「比擬或抽象」的形式來描述一個系統化的科學現象。進而能分析各種模型的特性，且了解模型可隨著對科學事物複雜關係的認知增加來修正。,tm-Ⅴa-1
"探究能力
-問題解決（p）",觀察與定題（o）,能從日常經驗、科技運用、社會中的科學相關議題、學習活動、自然環境、書刊及網路媒體中，汲取資訊並進行有計畫、有條理的多方觀察，進而能察覺問題。,po-Ⅴc-1,能從學習活動、日常經驗及科技運用、自然環境、書刊及網路媒體中，進行各種有計畫、有條理、有效率的觀察，進而能察覺問題。,po-Ⅴa-1
"探究能力
-問題解決（p）",觀察與定題（o）,能依據觀察、蒐集資料、閱讀、思考、討論等，確認並提出生活周遭中適合科學探究或適合以科學方式尋求解決的問題（或假說）。當有多個問題同時存在時，能分辨並擇定優先重要之問題（或假說）。,po-Ⅴc-2,能依據觀察、蒐集資料、閱讀、思考、討論等，確認並提出與生活周遭或學術探索相關，而適合科學探究或適合以科學方式尋求解決的關鍵問題（或假說）。當有多個問題同時存在時，能分辨並擇定優先重要之問題（或假說）。,po-Ⅴa-2
"探究能力
-問題解決（p）",計劃與執行（e）,能辨明多個自變項或應變項並計劃適當次數的測試、合理地預測活動的可能結果和可能失敗的原因。藉由教師或教科書的指引或展現創意，能根據問題特性、學習資源（設備、時間、人力等）、期望之成果（包括信效度）、對社會環境的影響等因素，規劃最佳化的實作（或推理）探究活動或問題解決活動。,pe-Ⅴc-1,能辨明多個自變項或應變項並計劃適當次數的測試、嚴謹地預測活動的可能結果和可能失敗的原因。在有限的指導下，能依據指導或展現創意，依據問題特性、學習資源（設備、時間、人力等）、預期成果（包括信效度）、對社會環境的影響等因素，有效率地規劃最佳化的實作（或推理）探究活動或問題解決活動。,pe-Ⅴa-1
"探究能力
-問題解決（p）",計劃與執行（e）,能正確安全操作適合學習階段的物品、器材儀器、科技設備及資源，能適度創新改善執行方式。能進行精確的質性觀察或數值量測，視需要能運用科技儀器輔助記錄。,pe-Ⅴc-2,能正確安全操作適合學習階段的物品、器材儀器、科技設備及資源。能進行精確、高效率之的質性觀察或數值量測，視需要能運用科技儀器輔助記錄。,pe-Ⅴa-2
"探究能力
-問題解決（p）",分析與發現（a）,能合理運用思考智能、製作圖表、使用資訊及數學等方法，有效整理資訊或數據。,pa-Ⅴc-1,能流暢運用思考智能、製作圖表、使用資訊及數學等方法，以有效整理資訊或數據。,pa-Ⅴa-1
"探究能力
-問題解決（p）",分析與發現（a）,能運用科學原理、思考智能、數學、統計等方法，從探究所得的資訊或數據，形成解釋、理解、發現新知、獲知因果關係、理解科學相關的社會議題、解決問題或是發現新的問題。並能將自己的探究結果和同學的結果或其他相關的資訊比較對照，相互檢核，確認結果。,pa-Ⅴc-2,能運用科學原理、思考智能、數學、統計等方法，從所得的資訊或數據，形成解釋、發現新知、獲知因果關係、理解科學問題、解決問題或是發現新的問題。並能將自己的結果和同學的結果或其他相關的資訊比較對照，相互檢核，確認結果；如果結果不同，能進一步探究原因。,pa-Ⅴa-2
"探究能力
-問題解決（p）",討論與傳達（c）,能理解同學的探究過程和結果（或經簡化過的科學報告），提出合理而且較完整的疑問或意見。並能對整個探究過程：包括，觀察定題、推理實作、數據信效度、資源運用、活動安全、探究結果等，進行評核、形成評價並提出合理的改善方案。,pc-Ⅴc-1,能理解同學的探究過程和結果（或經簡化過的科學報告），提出合理而且較完整的疑問或意見。並能對整個探究過程中：包括，觀察定題、推理實作、數據信效度、資源運用、活動安全、探究結果等，進行反思、形成評價與改善方案，作為未來改進與提升能力的基礎。,pc-Ⅴa-1
"探究能力
-問題解決（p）",討論與傳達（c）,能利用口語、影像（例如：攝影、錄影）、文字與圖案、繪圖或實物、科學名詞、數學公式、模型等，呈現探究之過程、發現或成果；並在保有個資安全與不損及公眾利益下，嘗試以報告或新媒體形式，自主並較廣面性的分享相對嚴謹之探究發現、成果、結論或主張。視需要，並能摘要描述目的、特徵、方法、發現、價值、限制、運用及展望等。,pc-Ⅴc-2,能利用口語、影像（例如：攝影、錄影）、文字與圖案、繪圖或實物、科學名詞、數學公式、模型等，表達探究之過程、發現或成果，並選擇合適的發表方式和途徑。視需要，並能摘要描述目的、特徵、方法、發現、價值、限制、運用及展望等。,pc-Ⅴa-2
科學的態度與本質（a）,培養科學探究的興趣（i）,透過成功的問題解決經驗，獲得成就感。,ai-Ⅴc-1,了解科學能力是多元的，擁有熱誠是從事與科學或科技有關的工作最重要的條件。,ai-Ⅴa-1
科學的態度與本質（a）,培養科學探究的興趣（i）,透過科學探索與科學思考對生活週遭的事物產生新的體驗及興趣。,ai-Ⅴc-2,透過了解科學理論的簡約、科學思考的嚴謹與複雜自然現象背後的規律，學會欣賞科學的美。,ai-Ⅴa-2
科學的態度與本質（a）,培養科學探究的興趣（i）,體會生活中處處都會運用到科學，而能欣賞科學的重要性。,ai-Ⅴc-3,,
科學的態度與本質（a）,養成應用科學思考與探究的習慣（h）,了解科學知識是人們理解現象的一種解釋，但不是唯一的解釋。,ah-Ⅴc-1,了解科學工作者經常遵循某些特定的標準（例如：可推廣性、簡約性等）判斷探究活動的可行性。,ah-Ⅴa-1
科學的態度與本質（a）,養成應用科學思考與探究的習慣（h）,對日常生活中所獲得的科學資訊抱持批判的態度，審慎檢視其真實性與可信度。,ah-Ⅴc-2,運用科學的思考模式，例如：邏輯思考、精確性、客觀性等標準，判斷日常生活中科學資訊的可信度。,ah-Ⅴa-2
科學的態度與本質（a）,認識科學本質（n）,了解科學探究過程採用多種方法、工具和技術，經由不同面向的證據支持特定的解釋，以增強科學論點的有效性。,an-Ⅴc-1,了解從事科學工作者具有一些共同的特質，例如：邏輯思考、精確性、心智開放、客觀性、保持懷疑、研究結果的可重覆性、誠實並符合倫理地發表研究成果等。,an-Ⅴa-1
科學的態度與本質（a）,認識科學本質（n）,了解科學的認知方式講求經驗證據性、合乎邏輯性、存疑和反覆檢視。,an-Ⅴc-2,察覺到相同的自然現象，可用多個理論解釋；當現有的證據同樣都支持著這些理論，人們傾向採用較簡約的理論。,an-Ⅴa-2
科學的態度與本質（a）,認識科學本質（n）,體認科學能幫助人類創造更好的生活條件，但並不能解決人類社會所有的問題，科技發展有時也會引起環境或倫理道德的議題。,an-Ⅴc-3,了解科學知識發展的歷史是與社會、文化、政治、經濟緊密相關。,an-Ⅴa-3